State,Area,Month,MN,Day,year,Product,USDprice,Date,Date2
Adamawa,Jimeta,Dec,12,1,2010,Urea,19.7,12/1/2010,12/1/2010
Adamawa,Jimeta,Jan,1,1,2011,Urea,19.69,1/1/2011,1/1/2011
Adamawa,Jimeta,Feb,2,1,2011,Urea,19.65,2/1/2011,2/1/2011
Adamawa,Jimeta,Sep,9,1,2011,Urea,22.82,9/1/2011,9/1/2011
Adamawa,Jimeta,Oct,10,1,2011,Urea,22.98,10/1/2011,10/1/2011
Adamawa,Jimeta,Dec,12,1,2011,Urea,31.38,12/1/2011,12/1/2011
Adamawa,Jimeta,Feb,2,1,2012,Urea,24.03,2/1/2012,2/1/2012
Adamawa,Jimeta,Mar,3,1,2012,Urea,34.51,3/1/2012,3/1/2012
Adamawa,Jimeta,Apr,4,1,2012,Urea,28.27,4/1/2012,4/1/2012
Adamawa,Jimeta,May,5,1,2012,Urea,28.22,5/1/2012,5/1/2012
Adamawa,Jimeta,Jun,6,1,2012,Urea,31.44,6/1/2012,6/1/2012
Adamawa,Jimeta,Jul,7,1,2012,Urea,33.29,7/1/2012,7/1/2012
Adamawa,Jimeta,Aug,8,1,2012,Urea,33.37,8/1/2012,8/1/2012
Adamawa,Jimeta,Sep,9,1,2012,Urea,32.41,9/1/2012,9/1/2012
Adamawa,Jimeta,Oct,10,1,2012,Urea,32.38,10/1/2012,10/1/2012
Adamawa,Jimeta,Nov,11,1,2012,Urea,33.66,11/1/2012,11/1/2012
Adamawa,Jimeta,Dec,12,1,2012,Urea,33.63,12/1/2012,12/1/2012
Adamawa,Jimeta,Jan,1,1,2013,Urea,34.26,1/1/2013,1/1/2013
Adamawa,Jimeta,Feb,2,1,2013,Urea,33.68,2/1/2013,2/1/2013
Adamawa,Jimeta,Mar,3,1,2013,Urea,34.29,3/1/2013,3/1/2013
Adamawa,Jimeta,May,5,1,2013,Urea,32.44,5/1/2013,5/1/2013
Adamawa,Jimeta,Jul,7,1,2013,Urea,32.55,7/1/2013,7/1/2013
Adamawa,Jimeta,Aug,8,1,2013,Urea,27.65,8/1/2013,8/1/2013
Adamawa,Jimeta,Sep,9,1,2013,Urea,27.13,9/1/2013,9/1/2013
Adamawa,Jimeta,Oct,10,1,2013,Urea,23.91,10/1/2013,10/1/2013
Adamawa,Jimeta,Nov,11,1,2013,Urea,24.98,11/1/2013,11/1/2013
Adamawa,Mubi,Dec,12,1,2010,Urea,24.94,12/1/2010,12/1/2010
Adamawa,Mubi,Mar,3,1,2011,Urea,33.04,3/1/2011,3/1/2011
Adamawa,Mubi,Sep,9,1,2011,Urea,25.34,9/1/2011,9/1/2011
Anambra,Abagana,Jan,1,1,2017,Urea,22.5,1/1/2017,1/1/2017
Anambra,Abagana,Feb,2,1,2017,Urea,28.69,2/1/2017,2/1/2017
Anambra,Abagana,Mar,3,1,2017,Urea,22.28,3/1/2017,3/1/2017
Anambra,Abagana,Apr,4,1,2017,Urea,25.08,4/1/2017,4/1/2017
Anambra,Abagana,May,5,1,2017,Urea,24.74,5/1/2017,5/1/2017
Anambra,Abagana,Jun,6,1,2017,Urea,23.74,6/1/2017,6/1/2017
Anambra,Abagana,Jul,7,1,2017,Urea,23.81,7/1/2017,7/1/2017
Anambra,Abagana,Sep,9,1,2017,Urea,21.54,9/1/2017,9/1/2017
Anambra,Abagana,Oct,10,1,2017,Urea,20.87,10/1/2017,10/1/2017
Anambra,Abagana,Nov,11,1,2017,Urea,20.92,11/1/2017,11/1/2017
Anambra,Abagana,Dec,12,1,2017,Urea,20.83,12/1/2017,12/1/2017
Anambra,Abagana,Jan,1,1,2018,Urea,20.82,1/1/2018,1/1/2018
Anambra,Abagana,Feb,2,1,2018,Urea,19.42,2/1/2018,2/1/2018
Anambra,Abagana,Mar,3,1,2018,Urea,18.05,3/1/2018,3/1/2018
Anambra,Abagana,Apr,4,1,2018,Urea,18.11,4/1/2018,4/1/2018
Anambra,Abagana,May,5,1,2018,Urea,18.58,5/1/2018,5/1/2018
Anambra,Abagana,Jun,6,1,2018,Urea,18.58,6/1/2018,6/1/2018
Anambra,Abagana,Jul,7,1,2018,Urea,18.83,7/1/2018,7/1/2018
Anambra,Abagana,Aug,8,1,2018,Urea,18.82,8/1/2018,8/1/2018
Anambra,Abagana,Sep,9,1,2018,Urea,18.24,9/1/2018,9/1/2018
Anambra,Abagana,Oct,10,1,2018,Urea,17.89,10/1/2018,10/1/2018
Anambra,Abagana,Nov,11,1,2018,Urea,18.27,11/1/2018,11/1/2018
Anambra,Abagana,Dec,12,1,2018,Urea,18.26,12/1/2018,12/1/2018
Anambra,Abagana,Jan,1,1,2019,Urea,17.87,1/1/2019,1/1/2019
Anambra,Abagana,Feb,2,1,2019,Urea,17.84,2/1/2019,2/1/2019
Anambra,Abagana,Mar,3,1,2019,Urea,17.92,3/1/2019,3/1/2019
Anambra,Abagana,Apr,4,1,2019,Urea,17.36,4/1/2019,4/1/2019
Anambra,Abagana,May,5,1,2019,Urea,17.41,5/1/2019,5/1/2019
Anambra,Abagana,Jun,6,1,2019,Urea,16.87,6/1/2019,6/1/2019
Anambra,Abagana,Jul,7,1,2019,Urea,17.72,7/1/2019,7/1/2019
Anambra,Abagana,Aug,8,1,2019,Urea,18.73,8/1/2019,8/1/2019
Anambra,Abagana,Sep,9,1,2019,Urea,17.59,9/1/2019,9/1/2019
Anambra,Abagana,Oct,10,1,2019,Urea,17.56,10/1/2019,10/1/2019
Anambra,Abagana,Nov,11,1,2019,Urea,17.52,11/1/2019,11/1/2019
Anambra,Abagana,Dec,12,1,2019,Urea,17.53,12/1/2019,12/1/2019
Anambra,Abagana,Jan,1,1,2020,Urea,17.8,1/1/2020,1/1/2020
Anambra,Abagana,Feb,2,1,2020,Urea,15.5,2/1/2020,2/1/2020
Anambra,Abagana,Mar,3,1,2020,Urea,17.56,3/1/2020,3/1/2020
Anambra,Abagana,Apr,4,1,2020,Urea,15.93,4/1/2020,4/1/2020
Anambra,Abagana,May,5,1,2020,Urea,15.5,5/1/2020,5/1/2020
Anambra,Abagana,Jun,6,1,2020,Urea,18.22,6/1/2020,6/1/2020
Anambra,Abagana,Jul,7,1,2020,Urea,22.63,7/1/2020,7/1/2020
Anambra,Abagana,Aug,8,1,2020,Urea,27.8,8/1/2020,8/1/2020
Anambra,Abagana,Sep,9,1,2020,Urea,27.85,9/1/2020,9/1/2020
Anambra,Abagana,Oct,10,1,2020,Urea,20.37,10/1/2020,10/1/2020
Anambra,Abagana,Nov,11,1,2020,Urea,19.58,11/1/2020,11/1/2020
Anambra,Abagana,Dec,12,1,2020,Urea,20.19,12/1/2020,12/1/2020
Anambra,Abagana,Jan,1,1,2021,Urea,22.52,1/1/2021,1/1/2021
Anambra,Abagana,Feb,2,1,2021,Urea,23.94,2/1/2021,2/1/2021
Anambra,Abagana,Mar,3,1,2021,Urea,26.48,3/1/2021,3/1/2021
Anambra,Abagana,Apr,4,1,2021,Urea,26.39,4/1/2021,4/1/2021
Anambra,Abagana,May,5,1,2021,Urea,29.41,5/1/2021,5/1/2021
Anambra,Abagana,Jun,6,1,2021,Urea,28.57,6/1/2021,6/1/2021
Anambra,Abagana,Jul,7,1,2021,Urea,26.76,7/1/2021,7/1/2021
Anambra,Abagana,Aug,8,1,2021,Urea,26.73,8/1/2021,8/1/2021
Anambra,Abagana,Sep,9,1,2021,Urea,25.52,9/1/2021,9/1/2021
Anambra,Abagana,Oct,10,1,2021,Urea,25.56,10/1/2021,10/1/2021
Anambra,Abagana,Nov,11,1,2021,Urea,28,11/1/2021,11/1/2021
Anambra,Abagana,Dec,12,1,2021,Urea,30.45,12/1/2021,12/1/2021
Anambra,Abagana,Jan,1,1,2022,Urea,37.42,1/1/2022,1/1/2022
Anambra,Abagana,Feb,2,1,2022,Urea,38.47,2/1/2022,2/1/2022
Anambra,Abagana,Mar,3,1,2022,Urea,38.46,3/1/2022,3/1/2022
Anambra,Abagana,Apr,4,1,2022,Urea,38.62,4/1/2022,4/1/2022
Anambra,Abagana,May,5,1,2022,Urea,44.58,5/1/2022,5/1/2022
Anambra,Abagana,Jun,6,1,2022,Urea,44.49,6/1/2022,6/1/2022
Anambra,Abagana,Jul,7,1,2022,Urea,45.61,7/1/2022,7/1/2022
Anambra,Abagana,Aug,8,1,2022,Urea,50.06,8/1/2022,8/1/2022
Anambra,Abagana,Sep,9,1,2022,Urea,47.19,9/1/2022,9/1/2022
Anambra,Abagana,Oct,10,1,2022,Urea,45.97,10/1/2022,10/1/2022
Anambra,Abagana,Nov,11,1,2022,Urea,45.32,11/1/2022,11/1/2022
Anambra,Abagana,Dec,12,1,2022,Urea,47.11,12/1/2022,12/1/2022
Anambra,Awka,Sep,9,1,2015,Urea,27.64,9/1/2015,9/1/2015
Anambra,Awka,Oct,10,1,2015,Urea,27.64,10/1/2015,10/1/2015
Anambra,Awka,Nov,11,1,2015,Urea,27.64,11/1/2015,11/1/2015
Anambra,Awka,Feb,2,1,2016,Urea,30.13,2/1/2016,2/1/2016
Anambra,Awka,Mar,3,1,2016,Urea,30.14,3/1/2016,3/1/2016
Anambra,Awka,Apr,4,1,2016,Urea,29.64,4/1/2016,4/1/2016
Anambra,Awka,May,5,1,2016,Urea,31.65,5/1/2016,5/1/2016
Anambra,Awka,Jun,6,1,2016,Urea,29.07,6/1/2016,6/1/2016
Anambra,Awka,Jul,7,1,2016,Urea,29.02,7/1/2016,7/1/2016
Anambra,Awka,Sep,9,1,2016,Urea,21.12,9/1/2016,9/1/2016
Anambra,Awka,Oct,10,1,2016,Urea,18.84,10/1/2016,10/1/2016
Anambra,Awka,Nov,11,1,2016,Urea,25.35,11/1/2016,11/1/2016
Anambra,Awka,Dec,12,1,2016,Urea,23.82,12/1/2016,12/1/2016
Anambra,Awka,Jan,1,1,2017,Urea,21.86,1/1/2017,1/1/2017
Anambra,Awka,Feb,2,1,2017,Urea,27.74,2/1/2017,2/1/2017
Anambra,Awka,Mar,3,1,2017,Urea,22.28,3/1/2017,3/1/2017
Anambra,Awka,Apr,4,1,2017,Urea,25.4,4/1/2017,4/1/2017
Anambra,Awka,May,5,1,2017,Urea,25.06,5/1/2017,5/1/2017
Anambra,Awka,Jun,6,1,2017,Urea,23.74,6/1/2017,6/1/2017
Anambra,Awka,Jul,7,1,2017,Urea,23.81,7/1/2017,7/1/2017
Anambra,Awka,Sep,9,1,2017,Urea,21.54,9/1/2017,9/1/2017
Anambra,Awka,Oct,10,1,2017,Urea,22.26,10/1/2017,10/1/2017
Anambra,Awka,Nov,11,1,2017,Urea,23.71,11/1/2017,11/1/2017
Anambra,Awka,Dec,12,1,2017,Urea,20.83,12/1/2017,12/1/2017
Anambra,Awka,Jan,1,1,2018,Urea,20.82,1/1/2018,1/1/2018
Anambra,Awka,Feb,2,1,2018,Urea,18.03,2/1/2018,2/1/2018
Anambra,Awka,Mar,3,1,2018,Urea,18.05,3/1/2018,3/1/2018
Anambra,Awka,Apr,4,1,2018,Urea,18.11,4/1/2018,4/1/2018
Anambra,Awka,May,5,1,2018,Urea,18.86,5/1/2018,5/1/2018
Anambra,Awka,Jun,6,1,2018,Urea,18.86,6/1/2018,6/1/2018
Anambra,Awka,Jul,7,1,2018,Urea,18.83,7/1/2018,7/1/2018
Anambra,Awka,Aug,8,1,2018,Urea,18.82,8/1/2018,8/1/2018
Anambra,Awka,Sep,9,1,2018,Urea,18.24,9/1/2018,9/1/2018
Anambra,Awka,Oct,10,1,2018,Urea,17.89,10/1/2018,10/1/2018
Anambra,Awka,Nov,11,1,2018,Urea,18.27,11/1/2018,11/1/2018
Anambra,Awka,Dec,12,1,2018,Urea,18.26,12/1/2018,12/1/2018
Anambra,Awka,Jan,1,1,2019,Urea,17.94,1/1/2019,1/1/2019
Anambra,Awka,Mar,3,1,2019,Urea,18.06,3/1/2019,3/1/2019
Anambra,Awka,Apr,4,1,2019,Urea,16.8,4/1/2019,4/1/2019
Anambra,Awka,May,5,1,2019,Urea,16.85,5/1/2019,5/1/2019
Anambra,Awka,Jun,6,1,2019,Urea,17.72,6/1/2019,6/1/2019
Anambra,Awka,Jul,7,1,2019,Urea,18.28,7/1/2019,7/1/2019
Anambra,Awka,Aug,8,1,2019,Urea,18.17,8/1/2019,8/1/2019
Anambra,Awka,Sep,9,1,2019,Urea,17.59,9/1/2019,9/1/2019
Anambra,Awka,Oct,10,1,2019,Urea,17.56,10/1/2019,10/1/2019
Anambra,Awka,Nov,11,1,2019,Urea,17.52,11/1/2019,11/1/2019
Anambra,Awka,Dec,12,1,2019,Urea,17.53,12/1/2019,12/1/2019
Anambra,Awka,Jan,1,1,2020,Urea,17.24,1/1/2020,1/1/2020
Anambra,Awka,Feb,2,1,2020,Urea,15.5,2/1/2020,2/1/2020
Anambra,Awka,Mar,3,1,2020,Urea,16.46,3/1/2020,3/1/2020
Anambra,Awka,Apr,4,1,2020,Urea,15.93,4/1/2020,4/1/2020
Anambra,Awka,May,5,1,2020,Urea,16.28,5/1/2020,5/1/2020
Anambra,Awka,Jun,6,1,2020,Urea,18.22,6/1/2020,6/1/2020
Anambra,Awka,Jul,7,1,2020,Urea,22.11,7/1/2020,7/1/2020
Anambra,Awka,Aug,8,1,2020,Urea,27.8,8/1/2020,8/1/2020
Anambra,Awka,Sep,9,1,2020,Urea,27.85,9/1/2020,9/1/2020
Anambra,Awka,Oct,10,1,2020,Urea,27.78,10/1/2020,10/1/2020
Anambra,Awka,Nov,11,1,2020,Urea,19.84,11/1/2020,11/1/2020
Anambra,Awka,Dec,12,1,2020,Urea,20.45,12/1/2020,12/1/2020
Anambra,Awka,Jan,1,1,2021,Urea,22.52,1/1/2021,1/1/2021
Anambra,Awka,Feb,2,1,2021,Urea,23.94,2/1/2021,2/1/2021
Anambra,Awka,Mar,3,1,2021,Urea,26.48,3/1/2021,3/1/2021
Anambra,Awka,Apr,4,1,2021,Urea,26.39,4/1/2021,4/1/2021
Anambra,Awka,May,5,1,2021,Urea,29.41,5/1/2021,5/1/2021
Anambra,Awka,Jun,6,1,2021,Urea,28.57,6/1/2021,6/1/2021
Anambra,Awka,Jul,7,1,2021,Urea,27.49,7/1/2021,7/1/2021
Anambra,Awka,Aug,8,1,2021,Urea,27.22,8/1/2021,8/1/2021
Anambra,Awka,Sep,9,1,2021,Urea,26,9/1/2021,9/1/2021
Anambra,Awka,Oct,10,1,2021,Urea,25.56,10/1/2021,10/1/2021
Anambra,Awka,Nov,11,1,2021,Urea,28,11/1/2021,11/1/2021
Anambra,Awka,Dec,12,1,2021,Urea,30.45,12/1/2021,12/1/2021
Anambra,Awka,Jan,1,1,2022,Urea,36.94,1/1/2022,1/1/2022
Anambra,Awka,Feb,2,1,2022,Urea,38.47,2/1/2022,2/1/2022
Anambra,Awka,Mar,3,1,2022,Urea,38.46,3/1/2022,3/1/2022
Anambra,Awka,Apr,4,1,2022,Urea,38.62,4/1/2022,4/1/2022
Anambra,Awka,May,5,1,2022,Urea,44.58,5/1/2022,5/1/2022
Anambra,Awka,Jun,6,1,2022,Urea,44.49,6/1/2022,6/1/2022
Anambra,Awka,Jul,7,1,2022,Urea,45.61,7/1/2022,7/1/2022
Anambra,Awka,Aug,8,1,2022,Urea,50.06,8/1/2022,8/1/2022
Anambra,Awka,Sep,9,1,2022,Urea,46.73,9/1/2022,9/1/2022
Anambra,Awka,Oct,10,1,2022,Urea,45.52,10/1/2022,10/1/2022
Anambra,Awka,Nov,11,1,2022,Urea,44.87,11/1/2022,11/1/2022
Anambra,Awka,Dec,12,1,2022,Urea,47.11,12/1/2022,12/1/2022
Benin,Edo,Jan,1,1,2014,Urea,29.88,1/1/2014,1/1/2014
Benin,Edo,Feb,2,1,2014,Urea,29.7,2/1/2014,2/1/2014
Benin,Edo,Mar,3,1,2014,Urea,29.04,3/1/2014,3/1/2014
Benin,Edo,Apr,4,1,2014,Urea,29.96,4/1/2014,4/1/2014
Benin,Edo,May,5,1,2014,Urea,30.32,5/1/2014,5/1/2014
Benin,Edo,Jun,6,1,2014,Urea,30.04,6/1/2014,6/1/2014
Benin,Edo,Jul,7,1,2014,Urea,29.34,7/1/2014,7/1/2014
Benin,Edo,Aug,8,1,2014,Urea,28.66,8/1/2014,8/1/2014
Benin,Edo,Sep,9,1,2014,Urea,29.55,9/1/2014,9/1/2014
Benin,Edo,Oct,10,1,2014,Urea,29.59,10/1/2014,10/1/2014
Benin,Edo,Nov,11,1,2014,Urea,29.48,11/1/2014,11/1/2014
Benin,Edo,Dec,12,1,2014,Urea,29.58,12/1/2014,12/1/2014
Benin,Edo,Jan,1,1,2015,Urea,29.67,1/1/2015,1/1/2015
Benin,Edo,Sep,9,1,2015,Urea,28.14,9/1/2015,9/1/2015
Benin,Edo,Oct,10,1,2015,Urea,28.14,10/1/2015,10/1/2015
Benin,Edo,Nov,11,1,2015,Urea,26.63,11/1/2015,11/1/2015
Benin,Edo,Feb,2,1,2016,Urea,27.62,2/1/2016,2/1/2016
Benin,Edo,Mar,3,1,2016,Urea,35.17,3/1/2016,3/1/2016
Benin,Edo,May,5,1,2016,Urea,32.65,5/1/2016,5/1/2016
Benin,Edo,Jun,6,1,2016,Urea,29.52,6/1/2016,6/1/2016
Benin,Edo,Jul,7,1,2016,Urea,24.24,7/1/2016,7/1/2016
Benin,Edo,Sep,9,1,2016,Urea,28.49,9/1/2016,9/1/2016
Benin,Edo,Oct,10,1,2016,Urea,24.22,10/1/2016,10/1/2016
Benin,Edo,Nov,11,1,2016,Urea,23.76,11/1/2016,11/1/2016
Benin,Edo,Dec,12,1,2016,Urea,23.82,12/1/2016,12/1/2016
Benin,Edo,Jan,1,1,2017,Urea,24.83,1/1/2017,1/1/2017
Benin,Edo,Feb,2,1,2017,Urea,27.74,2/1/2017,2/1/2017
Benin,Edo,Mar,3,1,2017,Urea,23.87,3/1/2017,3/1/2017
Benin,Edo,Apr,4,1,2017,Urea,25.88,4/1/2017,4/1/2017
Benin,Edo,May,5,1,2017,Urea,27.36,5/1/2017,5/1/2017
Benin,Edo,Jun,6,1,2017,Urea,25.33,6/1/2017,6/1/2017
Benin,Edo,Jul,7,1,2017,Urea,24.13,7/1/2017,7/1/2017
Benin,Edo,Sep,9,1,2017,Urea,25.61,9/1/2017,9/1/2017
Benin,Edo,Oct,10,1,2017,Urea,22.26,10/1/2017,10/1/2017
Benin,Edo,Nov,11,1,2017,Urea,22.32,11/1/2017,11/1/2017
Benin,Edo,Dec,12,1,2017,Urea,22.22,12/1/2017,12/1/2017
Benin,Edo,Jan,1,1,2018,Urea,15.82,1/1/2018,1/1/2018
Benin,Edo,Feb,2,1,2018,Urea,23.58,2/1/2018,2/1/2018
Benin,Edo,Mar,3,1,2018,Urea,23.61,3/1/2018,3/1/2018
Benin,Edo,Apr,4,1,2018,Urea,23.69,4/1/2018,4/1/2018
Benin,Edo,May,5,1,2018,Urea,22.19,5/1/2018,5/1/2018
Benin,Edo,Jun,6,1,2018,Urea,19.41,6/1/2018,6/1/2018
Benin,Edo,Jul,7,1,2018,Urea,19.38,7/1/2018,7/1/2018
Benin,Edo,Aug,8,1,2018,Urea,20.76,8/1/2018,8/1/2018
Benin,Edo,Sep,9,1,2018,Urea,20.73,9/1/2018,9/1/2018
Benin,Edo,Oct,10,1,2018,Urea,20.64,10/1/2018,10/1/2018
Benin,Edo,Nov,11,1,2018,Urea,20.76,11/1/2018,11/1/2018
Benin,Edo,Dec,12,1,2018,Urea,19.92,12/1/2018,12/1/2018
Benin,Edo,Jan,1,1,2019,Urea,18.28,1/1/2019,1/1/2019
Benin,Edo,Feb,2,1,2019,Urea,18.68,2/1/2019,2/1/2019
Benin,Edo,Mar,3,1,2019,Urea,18.76,3/1/2019,3/1/2019
Benin,Edo,Apr,4,1,2019,Urea,18.2,4/1/2019,4/1/2019
Benin,Edo,May,5,1,2019,Urea,17.69,5/1/2019,5/1/2019
Benin,Edo,Jun,6,1,2019,Urea,18.28,6/1/2019,6/1/2019
Benin,Edo,Jul,7,1,2019,Urea,18.56,7/1/2019,7/1/2019
Benin,Edo,Aug,8,1,2019,Urea,20.13,8/1/2019,8/1/2019
Benin,Edo,Sep,9,1,2019,Urea,18.43,9/1/2019,9/1/2019
Benin,Edo,Oct,10,1,2019,Urea,18.39,10/1/2019,10/1/2019
Benin,Edo,Nov,11,1,2019,Urea,18.35,11/1/2019,11/1/2019
Benin,Edo,Dec,12,1,2019,Urea,18.36,12/1/2019,12/1/2019
Benin,Edo,Jan,1,1,2020,Urea,18.36,1/1/2020,1/1/2020
Benin,Edo,Feb,2,1,2020,Urea,16.33,2/1/2020,2/1/2020
Benin,Edo,Mar,3,1,2020,Urea,16.46,3/1/2020,3/1/2020
Benin,Edo,Apr,4,1,2020,Urea,17.26,4/1/2020,4/1/2020
Benin,Edo,May,5,1,2020,Urea,16.79,5/1/2020,5/1/2020
Benin,Edo,Jun,6,1,2020,Urea,16.92,6/1/2020,6/1/2020
Benin,Edo,Jul,7,1,2020,Urea,22.11,7/1/2020,7/1/2020
Benin,Edo,Aug,8,1,2020,Urea,25.15,8/1/2020,8/1/2020
Benin,Edo,Sep,9,1,2020,Urea,22.02,9/1/2020,9/1/2020
Benin,Edo,Oct,10,1,2020,Urea,21.17,10/1/2020,10/1/2020
Benin,Edo,Nov,11,1,2020,Urea,19.84,11/1/2020,11/1/2020
Benin,Edo,Dec,12,1,2020,Urea,20.99,12/1/2020,12/1/2020
Benin,Edo,Jan,1,1,2021,Urea,22.25,1/1/2021,1/1/2021
Benin,Edo,Feb,2,1,2021,Urea,23.94,2/1/2021,2/1/2021
Benin,Edo,Mar,3,1,2021,Urea,26.48,3/1/2021,3/1/2021
Benin,Edo,Apr,4,1,2021,Urea,26.39,4/1/2021,4/1/2021
Benin,Edo,May,5,1,2021,Urea,28.13,5/1/2021,5/1/2021
Benin,Edo,Jun,6,1,2021,Urea,29.3,6/1/2021,6/1/2021
Benin,Edo,Jul,7,1,2021,Urea,28.46,7/1/2021,7/1/2021
Benin,Edo,Aug,8,1,2021,Urea,28.19,8/1/2021,8/1/2021
Benin,Edo,Sep,9,1,2021,Urea,26.49,9/1/2021,9/1/2021
Benin,Edo,Oct,10,1,2021,Urea,26.53,10/1/2021,10/1/2021
Benin,Edo,Nov,11,1,2021,Urea,27.51,11/1/2021,11/1/2021
Benin,Edo,Dec,12,1,2021,Urea,31.67,12/1/2021,12/1/2021
Benin,Edo,Jan,1,1,2022,Urea,39.83,1/1/2022,1/1/2022
Benin,Edo,Feb,2,1,2022,Urea,39.67,2/1/2022,2/1/2022
Benin,Edo,Mar,3,1,2022,Urea,39.66,3/1/2022,3/1/2022
Benin,Edo,Apr,4,1,2022,Urea,39.83,4/1/2022,4/1/2022
Benin,Edo,May,5,1,2022,Urea,45.79,5/1/2022,5/1/2022
Benin,Edo,Jun,6,1,2022,Urea,45.69,6/1/2022,6/1/2022
Benin,Edo,Jul,7,1,2022,Urea,47.53,7/1/2022,7/1/2022
Benin,Edo,Aug,8,1,2022,Urea,48.87,8/1/2022,8/1/2022
Benin,Edo,Sep,9,1,2022,Urea,47.89,9/1/2022,9/1/2022
Benin,Edo,Oct,10,1,2022,Urea,47.12,10/1/2022,10/1/2022
Benin,Edo,Nov,11,1,2022,Urea,46.46,11/1/2022,11/1/2022
Benin,Edo,Dec,12,1,2022,Urea,47.11,12/1/2022,12/1/2022
Benue,Buruku,Sep,9,1,2017,Urea,20.29,9/1/2017,9/1/2017
Benue,Buruku,Oct,10,1,2017,Urea,20.73,10/1/2017,10/1/2017
Benue,Buruku,Nov,11,1,2017,Urea,20.78,11/1/2017,11/1/2017
Benue,Buruku,Dec,12,1,2017,Urea,20.69,12/1/2017,12/1/2017
Benue,Buruku,Jan,1,1,2018,Urea,18.88,1/1/2018,1/1/2018
Benue,Buruku,Feb,2,1,2018,Urea,18.86,2/1/2018,2/1/2018
Benue,Buruku,Mar,3,1,2018,Urea,19.16,3/1/2018,3/1/2018
Benue,Buruku,Apr,4,1,2018,Urea,20.34,4/1/2018,4/1/2018
Benue,Buruku,May,5,1,2018,Urea,20.25,5/1/2018,5/1/2018
Benue,Buruku,Jun,6,1,2018,Urea,20.8,6/1/2018,6/1/2018
Benue,Buruku,Jul,7,1,2018,Urea,20.77,7/1/2018,7/1/2018
Benue,Buruku,Aug,8,1,2018,Urea,20.76,8/1/2018,8/1/2018
Benue,Buruku,Sep,9,1,2018,Urea,22.11,9/1/2018,9/1/2018
Benue,Buruku,Oct,10,1,2018,Urea,20.64,10/1/2018,10/1/2018
Benue,Buruku,Nov,11,1,2018,Urea,19.38,11/1/2018,11/1/2018
Benue,Buruku,Dec,12,1,2018,Urea,19.37,12/1/2018,12/1/2018
Benue,Buruku,Jan,1,1,2019,Urea,18.84,1/1/2019,1/1/2019
Benue,Buruku,Feb,2,1,2019,Urea,18.12,2/1/2019,2/1/2019
Benue,Buruku,Mar,3,1,2019,Urea,19.6,3/1/2019,3/1/2019
Benue,Buruku,Apr,4,1,2019,Urea,17.92,4/1/2019,4/1/2019
Benue,Buruku,May,5,1,2019,Urea,17.97,5/1/2019,5/1/2019
Benue,Buruku,Jun,6,1,2019,Urea,18.28,6/1/2019,6/1/2019
Benue,Buruku,Jul,7,1,2019,Urea,19.69,7/1/2019,7/1/2019
Benue,Buruku,Aug,8,1,2019,Urea,19.57,8/1/2019,8/1/2019
Benue,Buruku,Sep,9,1,2019,Urea,19.54,9/1/2019,9/1/2019
Benue,Buruku,Oct,10,1,2019,Urea,19.51,10/1/2019,10/1/2019
Benue,Buruku,Nov,11,1,2019,Urea,19.46,11/1/2019,11/1/2019
Benue,Buruku,Dec,12,1,2019,Urea,18.64,12/1/2019,12/1/2019
Benue,Buruku,Jan,1,1,2020,Urea,18.91,1/1/2020,1/1/2020
Benue,Buruku,Feb,2,1,2020,Urea,16.61,2/1/2020,2/1/2020
Benue,Buruku,Mar,3,1,2020,Urea,16.74,3/1/2020,3/1/2020
Benue,Buruku,Apr,4,1,2020,Urea,16.99,4/1/2020,4/1/2020
Benue,Buruku,May,5,1,2020,Urea,16.53,5/1/2020,5/1/2020
Benue,Buruku,Jun,6,1,2020,Urea,17.44,6/1/2020,6/1/2020
Benue,Buruku,Jul,7,1,2020,Urea,22.11,7/1/2020,7/1/2020
Benue,Buruku,Aug,8,1,2020,Urea,26.47,8/1/2020,8/1/2020
Benue,Buruku,Sep,9,1,2020,Urea,21.75,9/1/2020,9/1/2020
Benue,Buruku,Oct,10,1,2020,Urea,21.7,10/1/2020,10/1/2020
Benue,Buruku,Nov,11,1,2020,Urea,21.69,11/1/2020,11/1/2020
Benue,Buruku,Dec,12,1,2020,Urea,21.12,12/1/2020,12/1/2020
Benue,Buruku,Jan,1,1,2021,Urea,23.05,1/1/2021,1/1/2021
Benue,Buruku,Feb,2,1,2021,Urea,25.27,2/1/2021,2/1/2021
Benue,Buruku,Mar,3,1,2021,Urea,26.48,3/1/2021,3/1/2021
Benue,Buruku,Apr,4,1,2021,Urea,26.92,4/1/2021,4/1/2021
Benue,Buruku,May,5,1,2021,Urea,28.13,5/1/2021,5/1/2021
Benue,Buruku,Jun,6,1,2021,Urea,27.59,6/1/2021,6/1/2021
Benue,Buruku,Jul,7,1,2021,Urea,27,7/1/2021,7/1/2021
Benue,Buruku,Aug,8,1,2021,Urea,27.22,8/1/2021,8/1/2021
Benue,Buruku,Sep,9,1,2021,Urea,25.88,9/1/2021,9/1/2021
Benue,Buruku,Oct,10,1,2021,Urea,25.93,10/1/2021,10/1/2021
Benue,Buruku,Nov,11,1,2021,Urea,28.24,11/1/2021,11/1/2021
Benue,Buruku,Dec,12,1,2021,Urea,31.67,12/1/2021,12/1/2021
Benue,Buruku,Jan,1,1,2022,Urea,37.42,1/1/2022,1/1/2022
Benue,Buruku,Feb,2,1,2022,Urea,38.47,2/1/2022,2/1/2022
Benue,Buruku,Mar,3,1,2022,Urea,38.94,3/1/2022,3/1/2022
Benue,Buruku,Apr,4,1,2022,Urea,39.83,4/1/2022,4/1/2022
Benue,Buruku,May,5,1,2022,Urea,45.06,5/1/2022,5/1/2022
Benue,Buruku,Jun,6,1,2022,Urea,45.21,6/1/2022,6/1/2022
Benue,Buruku,Jul,7,1,2022,Urea,46.81,7/1/2022,7/1/2022
Benue,Buruku,Aug,8,1,2022,Urea,50.06,8/1/2022,8/1/2022
Benue,Buruku,Sep,9,1,2022,Urea,47.31,9/1/2022,9/1/2022
Benue,Buruku,Oct,10,1,2022,Urea,45.97,10/1/2022,10/1/2022
Benue,Buruku,Nov,11,1,2022,Urea,45.32,11/1/2022,11/1/2022
Benue,Buruku,Dec,12,1,2022,Urea,47.11,12/1/2022,12/1/2022
Benue,Gboko,Sep,9,1,2015,Urea,31.91,9/1/2015,9/1/2015
Benue,Gboko,Oct,10,1,2015,Urea,31.16,10/1/2015,10/1/2015
Benue,Gboko,Nov,11,1,2015,Urea,29.14,11/1/2015,11/1/2015
Benue,Gboko,Dec,12,1,2015,Urea,27.64,12/1/2015,12/1/2015
Benue,Gboko,Jan,1,1,2016,Urea,27.63,1/1/2016,1/1/2016
Benue,Gboko,Feb,2,1,2016,Urea,28.13,2/1/2016,2/1/2016
Benue,Gboko,Mar,3,1,2016,Urea,30.14,3/1/2016,3/1/2016
Benue,Gboko,Apr,4,1,2016,Urea,30.15,4/1/2016,4/1/2016
Benue,Gboko,May,5,1,2016,Urea,35.17,5/1/2016,5/1/2016
Benue,Gboko,Jun,6,1,2016,Urea,31.79,6/1/2016,6/1/2016
Benue,Gboko,Jul,7,1,2016,Urea,27.31,7/1/2016,7/1/2016
Benue,Gboko,Sep,9,1,2016,Urea,22.4,9/1/2016,9/1/2016
Benue,Gboko,Oct,10,1,2016,Urea,25.83,10/1/2016,10/1/2016
Benue,Gboko,Nov,11,1,2016,Urea,25.35,11/1/2016,11/1/2016
Benue,Gboko,Dec,12,1,2016,Urea,25.41,12/1/2016,12/1/2016
Benue,Gboko,Jan,1,1,2017,Urea,24.11,1/1/2017,1/1/2017
Benue,Gboko,Feb,2,1,2017,Urea,28.69,2/1/2017,2/1/2017
Benue,Gboko,Mar,3,1,2017,Urea,23.87,3/1/2017,3/1/2017
Benue,Gboko,Apr,4,1,2017,Urea,25.72,4/1/2017,4/1/2017
Benue,Gboko,May,5,1,2017,Urea,26.96,5/1/2017,5/1/2017
Benue,Gboko,Jun,6,1,2017,Urea,26.91,6/1/2017,6/1/2017
Benue,Gboko,Jul,7,1,2017,Urea,26.35,7/1/2017,7/1/2017
Benue,Gboko,Aug,8,1,2017,Urea,22.83,8/1/2017,8/1/2017
Benue,Gboko,Sep,9,1,2017,Urea,20.84,9/1/2017,9/1/2017
Benue,Gboko,Oct,10,1,2017,Urea,20.87,10/1/2017,10/1/2017
Benue,Gboko,Nov,11,1,2017,Urea,20.92,11/1/2017,11/1/2017
Benue,Gboko,Dec,12,1,2017,Urea,20.83,12/1/2017,12/1/2017
Benue,Gboko,Jan,1,1,2018,Urea,18.88,1/1/2018,1/1/2018
Benue,Gboko,Feb,2,1,2018,Urea,19.42,2/1/2018,2/1/2018
Benue,Gboko,Mar,3,1,2018,Urea,19.44,3/1/2018,3/1/2018
Benue,Gboko,Apr,4,1,2018,Urea,20.9,4/1/2018,4/1/2018
Benue,Gboko,May,5,1,2018,Urea,20.8,5/1/2018,5/1/2018
Benue,Gboko,Jun,6,1,2018,Urea,20.8,6/1/2018,6/1/2018
Benue,Gboko,Jul,7,1,2018,Urea,20.77,7/1/2018,7/1/2018
Benue,Gboko,Aug,8,1,2018,Urea,20.76,8/1/2018,8/1/2018
Benue,Gboko,Sep,9,1,2018,Urea,22.11,9/1/2018,9/1/2018
Benue,Gboko,Oct,10,1,2018,Urea,20.64,10/1/2018,10/1/2018
Benue,Gboko,Nov,11,1,2018,Urea,19.38,11/1/2018,11/1/2018
Benue,Gboko,Dec,12,1,2018,Urea,19.37,12/1/2018,12/1/2018
Benue,Gboko,Jan,1,1,2019,Urea,18.84,1/1/2019,1/1/2019
Benue,Gboko,Feb,2,1,2019,Urea,18.96,2/1/2019,2/1/2019
Benue,Gboko,Mar,3,1,2019,Urea,19.6,3/1/2019,3/1/2019
Benue,Gboko,Apr,4,1,2019,Urea,17.08,4/1/2019,4/1/2019
Benue,Gboko,May,5,1,2019,Urea,17.13,5/1/2019,5/1/2019
Benue,Gboko,Jun,6,1,2019,Urea,17.44,6/1/2019,6/1/2019
Benue,Gboko,Jul,7,1,2019,Urea,19.13,7/1/2019,7/1/2019
Benue,Gboko,Aug,8,1,2019,Urea,19.57,8/1/2019,8/1/2019
Benue,Gboko,Sep,9,1,2019,Urea,18.15,9/1/2019,9/1/2019
Benue,Gboko,Oct,10,1,2019,Urea,18.11,10/1/2019,10/1/2019
Benue,Gboko,Nov,11,1,2019,Urea,17.93,11/1/2019,11/1/2019
Benue,Gboko,Dec,12,1,2019,Urea,17.95,12/1/2019,12/1/2019
Benue,Gboko,Jan,1,1,2020,Urea,17.52,1/1/2020,1/1/2020
Benue,Gboko,Feb,2,1,2020,Urea,16.61,2/1/2020,2/1/2020
Benue,Gboko,Mar,3,1,2020,Urea,19.21,3/1/2020,3/1/2020
Benue,Gboko,Apr,4,1,2020,Urea,16.19,4/1/2020,4/1/2020
Benue,Gboko,May,5,1,2020,Urea,16.53,5/1/2020,5/1/2020
Benue,Gboko,Jun,6,1,2020,Urea,18.22,6/1/2020,6/1/2020
Benue,Gboko,Jul,7,1,2020,Urea,23.41,7/1/2020,7/1/2020
Benue,Gboko,Aug,8,1,2020,Urea,26.47,8/1/2020,8/1/2020
Benue,Gboko,Sep,9,1,2020,Urea,26.53,9/1/2020,9/1/2020
Benue,Gboko,Oct,10,1,2020,Urea,21.17,10/1/2020,10/1/2020
Benue,Gboko,Nov,11,1,2020,Urea,19.58,11/1/2020,11/1/2020
Benue,Gboko,Dec,12,1,2020,Urea,21.25,12/1/2020,12/1/2020
Benue,Gboko,Jan,1,1,2021,Urea,23.31,1/1/2021,1/1/2021
Benue,Gboko,Feb,2,1,2021,Urea,25.27,2/1/2021,2/1/2021
Benue,Gboko,Mar,3,1,2021,Urea,26.48,3/1/2021,3/1/2021
Benue,Gboko,Apr,4,1,2021,Urea,27.98,4/1/2021,4/1/2021
Benue,Gboko,May,5,1,2021,Urea,27.36,5/1/2021,5/1/2021
Benue,Gboko,Jun,6,1,2021,Urea,28.08,6/1/2021,6/1/2021
Benue,Gboko,Jul,7,1,2021,Urea,27.98,7/1/2021,7/1/2021
Benue,Gboko,Aug,8,1,2021,Urea,27.95,8/1/2021,8/1/2021
Benue,Gboko,Sep,9,1,2021,Urea,26.25,9/1/2021,9/1/2021
Benue,Gboko,Oct,10,1,2021,Urea,26.29,10/1/2021,10/1/2021
Benue,Gboko,Nov,11,1,2021,Urea,28.24,11/1/2021,11/1/2021
Benue,Gboko,Dec,12,1,2021,Urea,31.67,12/1/2021,12/1/2021
Benue,Gboko,Jan,1,1,2022,Urea,38.14,1/1/2022,1/1/2022
Benue,Gboko,Feb,2,1,2022,Urea,38.47,2/1/2022,2/1/2022
Benue,Gboko,Mar,3,1,2022,Urea,38.94,3/1/2022,3/1/2022
Benue,Gboko,Apr,4,1,2022,Urea,38.62,4/1/2022,4/1/2022
Benue,Gboko,May,5,1,2022,Urea,45.06,5/1/2022,5/1/2022
Benue,Gboko,Jun,6,1,2022,Urea,45.21,6/1/2022,6/1/2022
Benue,Gboko,Jul,7,1,2022,Urea,46.33,7/1/2022,7/1/2022
Benue,Gboko,Aug,8,1,2022,Urea,50.06,8/1/2022,8/1/2022
Benue,Gboko,Sep,9,1,2022,Urea,47.43,9/1/2022,9/1/2022
Benue,Gboko,Oct,10,1,2022,Urea,45.97,10/1/2022,10/1/2022
Benue,Gboko,Nov,11,1,2022,Urea,45.32,11/1/2022,11/1/2022
Benue,Gboko,Dec,12,1,2022,Urea,47.11,12/1/2022,12/1/2022
Delta,Asaba,Sep,9,1,2015,Urea,27.13,9/1/2015,9/1/2015
Delta,Asaba,Oct,10,1,2015,Urea,27.14,10/1/2015,10/1/2015
Delta,Asaba,Nov,11,1,2015,Urea,27.64,11/1/2015,11/1/2015
Delta,Asaba,Feb,2,1,2016,Urea,32.65,2/1/2016,2/1/2016
Delta,Asaba,Mar,3,1,2016,Urea,32.4,3/1/2016,3/1/2016
Delta,Asaba,Apr,4,1,2016,Urea,28.89,4/1/2016,4/1/2016
Delta,Asaba,May,5,1,2016,Urea,31.9,5/1/2016,5/1/2016
Delta,Asaba,Jun,6,1,2016,Urea,32.93,6/1/2016,6/1/2016
Delta,Asaba,Jul,7,1,2016,Urea,25.94,7/1/2016,7/1/2016
Delta,Asaba,Sep,9,1,2016,Urea,23.52,9/1/2016,9/1/2016
Delta,Asaba,Oct,10,1,2016,Urea,27.77,10/1/2016,10/1/2016
Delta,Asaba,Nov,11,1,2016,Urea,22.66,11/1/2016,11/1/2016
Delta,Asaba,Jan,1,1,2017,Urea,22.5,1/1/2017,1/1/2017
Delta,Asaba,Feb,2,1,2017,Urea,27.74,2/1/2017,2/1/2017
Delta,Asaba,Mar,3,1,2017,Urea,23.87,3/1/2017,3/1/2017
Delta,Asaba,Apr,4,1,2017,Urea,25.08,4/1/2017,4/1/2017
Delta,Asaba,May,5,1,2017,Urea,24.74,5/1/2017,5/1/2017
Delta,Asaba,Jun,6,1,2017,Urea,23.74,6/1/2017,6/1/2017
Delta,Asaba,Jul,7,1,2017,Urea,23.81,7/1/2017,7/1/2017
Delta,Asaba,Sep,9,1,2017,Urea,20.84,9/1/2017,9/1/2017
Delta,Asaba,Oct,10,1,2017,Urea,20.87,10/1/2017,10/1/2017
Delta,Asaba,Nov,11,1,2017,Urea,20.37,11/1/2017,11/1/2017
Delta,Asaba,Jan,1,1,2018,Urea,22.21,1/1/2018,1/1/2018
Delta,Asaba,Feb,2,1,2018,Urea,15.26,2/1/2018,2/1/2018
Delta,Asaba,Mar,3,1,2018,Urea,15.83,3/1/2018,3/1/2018
Delta,Asaba,Apr,4,1,2018,Urea,16.16,4/1/2018,4/1/2018
Delta,Asaba,May,5,1,2018,Urea,18.03,5/1/2018,5/1/2018
Delta,Asaba,Jun,6,1,2018,Urea,18.03,6/1/2018,6/1/2018
Delta,Asaba,Jul,7,1,2018,Urea,18,7/1/2018,7/1/2018
Delta,Asaba,Aug,8,1,2018,Urea,18.82,8/1/2018,8/1/2018
Delta,Asaba,Sep,9,1,2018,Urea,18.8,9/1/2018,9/1/2018
Delta,Asaba,Oct,10,1,2018,Urea,18.71,10/1/2018,10/1/2018
Delta,Asaba,Nov,11,1,2018,Urea,18.83,11/1/2018,11/1/2018
Delta,Asaba,Dec,12,1,2018,Urea,18.81,12/1/2018,12/1/2018
Delta,Asaba,Jan,1,1,2019,Urea,18.56,1/1/2019,1/1/2019
Delta,Asaba,Feb,2,1,2019,Urea,18.68,2/1/2019,2/1/2019
Delta,Asaba,Mar,3,1,2019,Urea,18.76,3/1/2019,3/1/2019
Delta,Asaba,Apr,4,1,2019,Urea,19.6,4/1/2019,4/1/2019
Delta,Asaba,May,5,1,2019,Urea,18.26,5/1/2019,5/1/2019
Delta,Asaba,Jun,6,1,2019,Urea,19.69,6/1/2019,6/1/2019
Delta,Asaba,Jul,7,1,2019,Urea,20.25,7/1/2019,7/1/2019
Delta,Asaba,Aug,8,1,2019,Urea,20.13,8/1/2019,8/1/2019
Delta,Asaba,Sep,9,1,2019,Urea,20.66,9/1/2019,9/1/2019
Delta,Asaba,Oct,10,1,2019,Urea,21.73,10/1/2019,10/1/2019
Delta,Asaba,Nov,11,1,2019,Urea,21.69,11/1/2019,11/1/2019
Delta,Asaba,Dec,12,1,2019,Urea,20.87,12/1/2019,12/1/2019
Delta,Asaba,Jan,1,1,2020,Urea,18.63,1/1/2020,1/1/2020
Delta,Asaba,Feb,2,1,2020,Urea,16.61,2/1/2020,2/1/2020
Delta,Asaba,Mar,3,1,2020,Urea,17.84,3/1/2020,3/1/2020
Delta,Asaba,Apr,4,1,2020,Urea,17.26,4/1/2020,4/1/2020
Delta,Asaba,May,5,1,2020,Urea,16.79,5/1/2020,5/1/2020
Delta,Asaba,Jun,6,1,2020,Urea,16.92,6/1/2020,6/1/2020
Delta,Asaba,Jul,7,1,2020,Urea,20.81,7/1/2020,7/1/2020
Delta,Asaba,Aug,8,1,2020,Urea,23.83,8/1/2020,8/1/2020
Delta,Asaba,Sep,9,1,2020,Urea,22.55,9/1/2020,9/1/2020
Delta,Asaba,Oct,10,1,2020,Urea,21.17,10/1/2020,10/1/2020
Delta,Asaba,Nov,11,1,2020,Urea,20.63,11/1/2020,11/1/2020
Delta,Asaba,Dec,12,1,2020,Urea,20.72,12/1/2020,12/1/2020
Delta,Asaba,Jan,1,1,2021,Urea,21.99,1/1/2021,1/1/2021
Delta,Asaba,Feb,2,1,2021,Urea,24.47,2/1/2021,2/1/2021
Delta,Asaba,Mar,3,1,2021,Urea,26.48,3/1/2021,3/1/2021
Delta,Asaba,Apr,4,1,2021,Urea,26.92,4/1/2021,4/1/2021
Delta,Asaba,May,5,1,2021,Urea,26.85,5/1/2021,5/1/2021
Delta,Asaba,Jun,6,1,2021,Urea,26.86,6/1/2021,6/1/2021
Delta,Asaba,Jul,7,1,2021,Urea,26.64,7/1/2021,7/1/2021
Delta,Asaba,Aug,8,1,2021,Urea,26.49,8/1/2021,8/1/2021
Delta,Asaba,Sep,9,1,2021,Urea,25.52,9/1/2021,9/1/2021
Delta,Asaba,Oct,10,1,2021,Urea,25.56,10/1/2021,10/1/2021
Delta,Asaba,Nov,11,1,2021,Urea,27.76,11/1/2021,11/1/2021
Delta,Asaba,Dec,12,1,2021,Urea,32.4,12/1/2021,12/1/2021
Delta,Asaba,Jan,1,1,2022,Urea,37.18,1/1/2022,1/1/2022
Delta,Asaba,Feb,2,1,2022,Urea,39.67,2/1/2022,2/1/2022
Delta,Asaba,Mar,3,1,2022,Urea,39.66,3/1/2022,3/1/2022
Delta,Asaba,Apr,4,1,2022,Urea,39.83,4/1/2022,4/1/2022
Delta,Asaba,May,5,1,2022,Urea,46.99,5/1/2022,5/1/2022
Delta,Asaba,Jun,6,1,2022,Urea,46.9,6/1/2022,6/1/2022
Delta,Asaba,Jul,7,1,2022,Urea,46.81,7/1/2022,7/1/2022
Delta,Asaba,Aug,8,1,2022,Urea,48.87,8/1/2022,8/1/2022
Delta,Asaba,Sep,9,1,2022,Urea,46.73,9/1/2022,9/1/2022
Delta,Asaba,Oct,10,1,2022,Urea,45.97,10/1/2022,10/1/2022
Delta,Asaba,Nov,11,1,2022,Urea,45.32,11/1/2022,11/1/2022
Delta,Asaba,Dec,12,1,2022,Urea,45.99,12/1/2022,12/1/2022
Delta,Kwale,Jan,1,1,2017,Urea,21.86,1/1/2017,1/1/2017
Delta,Kwale,Feb,2,1,2017,Urea,28.69,2/1/2017,2/1/2017
Delta,Kwale,Mar,3,1,2017,Urea,24.5,3/1/2017,3/1/2017
Delta,Kwale,Apr,4,1,2017,Urea,25.08,4/1/2017,4/1/2017
Delta,Kwale,May,5,1,2017,Urea,24.74,5/1/2017,5/1/2017
Delta,Kwale,Jun,6,1,2017,Urea,24.69,6/1/2017,6/1/2017
Delta,Kwale,Jul,7,1,2017,Urea,24.61,7/1/2017,7/1/2017
Delta,Kwale,Oct,10,1,2017,Urea,21.57,10/1/2017,10/1/2017
Ekiti,Ado-Ekiti,Sep,9,1,2010,Urea,29.62,9/1/2010,9/1/2010
Ekiti,Ado-Ekiti,Dec,12,1,2010,Urea,29.55,12/1/2010,12/1/2010
Ekiti,Ado-Ekiti,Jan,1,1,2011,Urea,29.53,1/1/2011,1/1/2011
Ekiti,Ado-Ekiti,Feb ,2,1,2011,Urea,29.47,2/1/2011,2/1/2011
Ekiti,Ado-Ekiti,Mar,3,1,2011,Urea,28.58,3/1/2011,3/1/2011
Ekiti,Ado-Ekiti,Jun,6,1,2011,Urea,28.14,6/1/2011,6/1/2011
Ekiti,Ado-Ekiti,Jul,7,1,2011,Urea,28.98,7/1/2011,7/1/2011
Ekiti,Ado-Ekiti,Aug,8,1,2011,Urea,28.38,8/1/2011,8/1/2011
Ekiti,Ado-Ekiti,Oct,10,1,2011,Urea,27.19,10/1/2011,10/1/2011
Ekiti,Ado-Ekiti,Nov,11,1,2011,Urea,27.56,11/1/2011,11/1/2011
Federal Capital Territory,Bwari,Oct,10,1,2010,Urea,26.2,10/1/2010,10/1/2010
Federal Capital Territory,Bwari,Nov,11,1,2010,Urea,25.87,11/1/2010,11/1/2010
Federal Capital Territory,Bwari,May,5,1,2011,Urea,30.94,5/1/2011,5/1/2011
Federal Capital Territory,Bwari,July,7,1,2011,Urea,35.42,7/1/2011,7/1/2011
Federal Capital Territory,Bwari,Aug,8,1,2011,Urea,34.69,8/1/2011,8/1/2011
Federal Capital Territory,Bwari,Jan,1,1,2014,Urea,29.88,1/1/2014,1/1/2014
Federal Capital Territory,Bwari,Feb,2,1,2014,Urea,29.7,2/1/2014,2/1/2014
Federal Capital Territory,Bwari,Mar,3,1,2014,Urea,29.04,3/1/2014,3/1/2014
Federal Capital Territory,Bwari,Apr,4,1,2014,Urea,29.96,4/1/2014,4/1/2014
Federal Capital Territory,Bwari,May,5,1,2014,Urea,30.32,5/1/2014,5/1/2014
Federal Capital Territory,Bwari,Jun,6,1,2014,Urea,30.04,6/1/2014,6/1/2014
Federal Capital Territory,Bwari,Jul,7,1,2014,Urea,29.34,7/1/2014,7/1/2014
Federal Capital Territory,Bwari,Aug,8,1,2014,Urea,28.66,8/1/2014,8/1/2014
Federal Capital Territory,Bwari,Sep,9,1,2014,Urea,29.55,9/1/2014,9/1/2014
Federal Capital Territory,Bwari,Oct,10,1,2014,Urea,29.59,10/1/2014,10/1/2014
Federal Capital Territory,Bwari,Nov,11,1,2014,Urea,29.48,11/1/2014,11/1/2014
Federal Capital Territory,Bwari,Dec,12,1,2014,Urea,29.58,12/1/2014,12/1/2014
Federal Capital Territory,Bwari,Jan,1,1,2015,Urea,29.67,1/1/2015,1/1/2015
Federal Capital Territory,Gwagwalada,May,5,1,2011,Urea,30.94,5/1/2011,5/1/2011
Federal Capital Territory,Gwagwalada,July,7,1,2011,Urea,35.42,7/1/2011,7/1/2011
Federal Capital Territory,Gwagwalada,Aug,8,1,2011,Urea,34.69,8/1/2011,8/1/2011
Federal Capital Territory,Gwagwalada,Jan,1,1,2014,Urea,29.88,1/1/2014,1/1/2014
Federal Capital Territory,Gwagwalada,Feb,2,1,2014,Urea,29.7,2/1/2014,2/1/2014
Federal Capital Territory,Gwagwalada,Mar,3,1,2014,Urea,29.04,3/1/2014,3/1/2014
Federal Capital Territory,Gwagwalada,Apr,4,1,2014,Urea,29.96,4/1/2014,4/1/2014
Federal Capital Territory,Gwagwalada,May,5,1,2014,Urea,30.32,5/1/2014,5/1/2014
Federal Capital Territory,Gwagwalada,Jun,6,1,2014,Urea,30.04,6/1/2014,6/1/2014
Federal Capital Territory,Gwagwalada,Jul,7,1,2014,Urea,29.34,7/1/2014,7/1/2014
Federal Capital Territory,Gwagwalada,Aug,8,1,2014,Urea,28.66,8/1/2014,8/1/2014
Federal Capital Territory,Gwagwalada,Sep,9,1,2014,Urea,29.55,9/1/2014,9/1/2014
Federal Capital Territory,Gwagwalada,Oct,10,1,2014,Urea,29.59,10/1/2014,10/1/2014
Federal Capital Territory,Gwagwalada,Nov,11,1,2014,Urea,29.48,11/1/2014,11/1/2014
Federal Capital Territory,Gwagwalada,Dec,12,1,2014,Urea,29.58,12/1/2014,12/1/2014
Federal Capital Territory,Gwagwalada,Jan,1,1,2015,Urea,29.67,1/1/2015,1/1/2015
Federal Capital Territory,Gwagwalada,Sep,9,1,2017,Urea,19.45,9/1/2017,9/1/2017
Federal Capital Territory,Gwagwalada,Oct,10,1,2017,Urea,23.65,10/1/2017,10/1/2017
Federal Capital Territory,Gwagwalada,Nov,11,1,2017,Urea,22.32,11/1/2017,11/1/2017
Federal Capital Territory,Gwagwalada,Dec,12,1,2017,Urea,15.83,12/1/2017,12/1/2017
Federal Capital Territory,Gwagwalada,Jan,1,1,2018,Urea,15.82,1/1/2018,1/1/2018
Federal Capital Territory,Gwagwalada,Feb,2,1,2018,Urea,17.48,2/1/2018,2/1/2018
Federal Capital Territory,Gwagwalada,Mar,3,1,2018,Urea,18.33,3/1/2018,3/1/2018
Federal Capital Territory,Gwagwalada,Apr,4,1,2018,Urea,19.51,4/1/2018,4/1/2018
Federal Capital Territory,Gwagwalada,May,5,1,2018,Urea,18.86,5/1/2018,5/1/2018
Federal Capital Territory,Gwagwalada,Jun,6,1,2018,Urea,19.97,6/1/2018,6/1/2018
Federal Capital Territory,Gwagwalada,Jul,7,1,2018,Urea,19.94,7/1/2018,7/1/2018
Federal Capital Territory,Gwagwalada,Aug,8,1,2018,Urea,19.93,8/1/2018,8/1/2018
Federal Capital Territory,Gwagwalada,Sep,9,1,2018,Urea,19.35,9/1/2018,9/1/2018
Federal Capital Territory,Gwagwalada,Oct,10,1,2018,Urea,18.99,10/1/2018,10/1/2018
Federal Capital Territory,Gwagwalada,Nov,11,1,2018,Urea,19.38,11/1/2018,11/1/2018
Federal Capital Territory,Gwagwalada,Dec,12,1,2018,Urea,19.37,12/1/2018,12/1/2018
Federal Capital Territory,Gwagwalada,Jan,1,1,2019,Urea,19.12,1/1/2019,1/1/2019
Federal Capital Territory,Gwagwalada,Feb,2,1,2019,Urea,17.56,2/1/2019,2/1/2019
Federal Capital Territory,Gwagwalada,Mar,3,1,2019,Urea,19.04,3/1/2019,3/1/2019
Federal Capital Territory,Gwagwalada,Apr,4,1,2019,Urea,19.32,4/1/2019,4/1/2019
Federal Capital Territory,Gwagwalada,May,5,1,2019,Urea,19.38,5/1/2019,5/1/2019
Federal Capital Territory,Gwagwalada,Jun,6,1,2019,Urea,18,6/1/2019,6/1/2019
Federal Capital Territory,Gwagwalada,Jul,7,1,2019,Urea,18.56,7/1/2019,7/1/2019
Federal Capital Territory,Gwagwalada,Aug,8,1,2019,Urea,20.13,8/1/2019,8/1/2019
Federal Capital Territory,Gwagwalada,Sep,9,1,2019,Urea,18.7,9/1/2019,9/1/2019
Federal Capital Territory,Gwagwalada,Oct,10,1,2019,Urea,18.67,10/1/2019,10/1/2019
Federal Capital Territory,Gwagwalada,Nov,11,1,2019,Urea,17.52,11/1/2019,11/1/2019
Federal Capital Territory,Gwagwalada,Dec,12,1,2019,Urea,17.53,12/1/2019,12/1/2019
Federal Capital Territory,Gwagwalada,Jan,1,1,2020,Urea,18.08,1/1/2020,1/1/2020
Federal Capital Territory,Gwagwalada,Feb,2,1,2020,Urea,16.2,2/1/2020,2/1/2020
Federal Capital Territory,Gwagwalada,Mar,3,1,2020,Urea,18.66,3/1/2020,3/1/2020
Federal Capital Territory,Gwagwalada,Apr,4,1,2020,Urea,18.58,4/1/2020,4/1/2020
Federal Capital Territory,Gwagwalada,May,5,1,2020,Urea,16.28,5/1/2020,5/1/2020
Federal Capital Territory,Gwagwalada,Jun,6,1,2020,Urea,16.39,6/1/2020,6/1/2020
Federal Capital Territory,Gwagwalada,Jul,7,1,2020,Urea,24.71,7/1/2020,7/1/2020
Federal Capital Territory,Gwagwalada,Aug,8,1,2020,Urea,30.45,8/1/2020,8/1/2020
Federal Capital Territory,Gwagwalada,Sep,9,1,2020,Urea,21.22,9/1/2020,9/1/2020
Federal Capital Territory,Gwagwalada,Oct,10,1,2020,Urea,20.9,10/1/2020,10/1/2020
Federal Capital Territory,Gwagwalada,Nov,11,1,2020,Urea,20.11,11/1/2020,11/1/2020
Federal Capital Territory,Gwagwalada,Dec,12,1,2020,Urea,21.25,12/1/2020,12/1/2020
Federal Capital Territory,Gwagwalada,Jan,1,1,2021,Urea,24.37,1/1/2021,1/1/2021
Federal Capital Territory,Gwagwalada,Feb,2,1,2021,Urea,25.53,2/1/2021,2/1/2021
Federal Capital Territory,Gwagwalada,Mar,3,1,2021,Urea,26.48,3/1/2021,3/1/2021
Federal Capital Territory,Gwagwalada,Apr,4,1,2021,Urea,28.5,4/1/2021,4/1/2021
Federal Capital Territory,Gwagwalada,May,5,1,2021,Urea,28.13,5/1/2021,5/1/2021
Federal Capital Territory,Gwagwalada,Jun,6,1,2021,Urea,28.81,6/1/2021,6/1/2021
Federal Capital Territory,Gwagwalada,Jul,7,1,2021,Urea,27.98,7/1/2021,7/1/2021
Federal Capital Territory,Gwagwalada,Aug,8,1,2021,Urea,27.95,8/1/2021,8/1/2021
Federal Capital Territory,Gwagwalada,Sep,9,1,2021,Urea,26.25,9/1/2021,9/1/2021
Federal Capital Territory,Gwagwalada,Oct,10,1,2021,Urea,26.29,10/1/2021,10/1/2021
Federal Capital Territory,Gwagwalada,Nov,11,1,2021,Urea,28,11/1/2021,11/1/2021
Federal Capital Territory,Gwagwalada,Dec,12,1,2021,Urea,32.89,12/1/2021,12/1/2021
Federal Capital Territory,Gwagwalada,Jan,1,1,2022,Urea,38.63,1/1/2022,1/1/2022
Federal Capital Territory,Gwagwalada,Feb,2,1,2022,Urea,39.67,2/1/2022,2/1/2022
Federal Capital Territory,Gwagwalada,Mar,3,1,2022,Urea,40.86,3/1/2022,3/1/2022
Federal Capital Territory,Gwagwalada,Apr,4,1,2022,Urea,41.03,4/1/2022,4/1/2022
Federal Capital Territory,Gwagwalada,May,5,1,2022,Urea,45.79,5/1/2022,5/1/2022
Federal Capital Territory,Gwagwalada,Jun,6,1,2022,Urea,46.9,6/1/2022,6/1/2022
Federal Capital Territory,Gwagwalada,Jul,7,1,2022,Urea,46.33,7/1/2022,7/1/2022
Federal Capital Territory,Gwagwalada,Aug,8,1,2022,Urea,53.63,8/1/2022,8/1/2022
Federal Capital Territory,Gwagwalada,Sep,9,1,2022,Urea,46.73,9/1/2022,9/1/2022
Federal Capital Territory,Gwagwalada,Oct,10,1,2022,Urea,45.52,10/1/2022,10/1/2022
Federal Capital Territory,Gwagwalada,Nov,11,1,2022,Urea,44.87,11/1/2022,11/1/2022
Federal Capital Territory,Gwagwalada,Dec,12,1,2022,Urea,47.11,12/1/2022,12/1/2022
Federal Capital Territory,Kuje,Sep,9,1,2010,Urea,32.94,9/1/2010,9/1/2010
Federal Capital Territory,Kuje,Oct,10,1,2010,Urea,32.77,10/1/2010,10/1/2010
Federal Capital Territory,Kwali,Jan,1,1,2014,Urea,29.88,1/1/2014,1/1/2014
Federal Capital Territory,Kwali,Feb,2,1,2014,Urea,29.7,2/1/2014,2/1/2014
Federal Capital Territory,Kwali,Mar,3,1,2014,Urea,29.04,3/1/2014,3/1/2014
Federal Capital Territory,Kwali,Apr,4,1,2014,Urea,29.96,4/1/2014,4/1/2014
Federal Capital Territory,Kwali,May,5,1,2014,Urea,30.32,5/1/2014,5/1/2014
Federal Capital Territory,Kwali,Jun,6,1,2014,Urea,30.04,6/1/2014,6/1/2014
Federal Capital Territory,Kwali,Jul,7,1,2014,Urea,29.34,7/1/2014,7/1/2014
Federal Capital Territory,Kwali,Aug,8,1,2014,Urea,28.66,8/1/2014,8/1/2014
Federal Capital Territory,Kwali,Sep,9,1,2014,Urea,29.55,9/1/2014,9/1/2014
Federal Capital Territory,Kwali,Oct,10,1,2014,Urea,29.59,10/1/2014,10/1/2014
Federal Capital Territory,Kwali,Nov,11,1,2014,Urea,29.48,11/1/2014,11/1/2014
Federal Capital Territory,Kwali,Dec,12,1,2014,Urea,29.58,12/1/2014,12/1/2014
Federal Capital Territory,Kwali,Jan,1,1,2015,Urea,29.67,1/1/2015,1/1/2015
Federal Capital Territory,Wuse,Sep,9,1,2010,Urea,26.36,9/1/2010,9/1/2010
Federal Capital Territory,Wuse,Nov,11,1,2010,Urea,25.87,11/1/2010,11/1/2010
Federal Capital Territory,Wuse,May,5,1,2011,Urea,30.94,5/1/2011,5/1/2011
Federal Capital Territory,Wuse,Jun,6,1,2011,Urea,31.26,6/1/2011,6/1/2011
Federal Capital Territory,Wuse,Aug,8,1,2012,Urea,72.8,8/1/2012,8/1/2012
Federal Capital Territory,Wuse,Sep,9,1,2012,Urea,40.52,9/1/2012,9/1/2012
Federal Capital Territory,Wuse,Oct,10,1,2012,Urea,40.49,10/1/2012,10/1/2012
Federal Capital Territory,Wuse,Sep,9,1,2015,Urea,25.37,9/1/2015,9/1/2015
Federal Capital Territory,Wuse,Oct,10,1,2015,Urea,25.38,10/1/2015,10/1/2015
Federal Capital Territory,Wuse,Nov,11,1,2015,Urea,24.12,11/1/2015,11/1/2015
Federal Capital Territory,Wuse,Dec,12,1,2015,Urea,29.15,12/1/2015,12/1/2015
Federal Capital Territory,Wuse,Jan,1,1,2016,Urea,29.13,1/1/2016,1/1/2016
Federal Capital Territory,Wuse,Feb,2,1,2016,Urea,28.63,2/1/2016,2/1/2016
Federal Capital Territory,Wuse,Mar,3,1,2016,Urea,30.14,3/1/2016,3/1/2016
Federal Capital Territory,Wuse,Apr,4,1,2016,Urea,30.15,4/1/2016,4/1/2016
Federal Capital Territory,Wuse,May,5,1,2016,Urea,32.65,5/1/2016,5/1/2016
Federal Capital Territory,Wuse,Jun,6,1,2016,Urea,29.52,6/1/2016,6/1/2016
Federal Capital Territory,Wuse,Jul,7,1,2016,Urea,29.02,7/1/2016,7/1/2016
Federal Capital Territory,Wuse,Sep,9,1,2016,Urea,22.4,9/1/2016,9/1/2016
Federal Capital Territory,Wuse,Oct,10,1,2016,Urea,26.64,10/1/2016,10/1/2016
Federal Capital Territory,Wuse,Nov,11,1,2016,Urea,22.81,11/1/2016,11/1/2016
Federal Capital Territory,Wuse,Dec,12,1,2016,Urea,24.61,12/1/2016,12/1/2016
Federal Capital Territory,Wuse,Jan,1,1,2017,Urea,26.68,1/1/2017,1/1/2017
Federal Capital Territory,Wuse,Feb,2,1,2017,Urea,28.69,2/1/2017,2/1/2017
Federal Capital Territory,Wuse,Mar,3,1,2017,Urea,25.78,3/1/2017,3/1/2017
Federal Capital Territory,Wuse,Apr,4,1,2017,Urea,27.33,4/1/2017,4/1/2017
Federal Capital Territory,Wuse,May,5,1,2017,Urea,25.38,5/1/2017,5/1/2017
Federal Capital Territory,Wuse,Jun,6,1,2017,Urea,23.74,6/1/2017,6/1/2017
Federal Capital Territory,Wuse,Jul,7,1,2017,Urea,28.58,7/1/2017,7/1/2017
Federal Capital Territory,Wuse,Sep,9,1,2017,Urea,19.73,9/1/2017,9/1/2017
Federal Capital Territory,Wuse,Oct,10,1,2017,Urea,20.17,10/1/2017,10/1/2017
Federal Capital Territory,Wuse,Nov,11,1,2017,Urea,22.32,11/1/2017,11/1/2017
Federal Capital Territory,Wuse,Dec,12,1,2017,Urea,22.22,12/1/2017,12/1/2017
Federal Capital Territory,Wuse,Jan,1,1,2018,Urea,18.05,1/1/2018,1/1/2018
Federal Capital Territory,Wuse,Feb,2,1,2018,Urea,17.48,2/1/2018,2/1/2018
Federal Capital Territory,Wuse,Mar,3,1,2018,Urea,18.33,3/1/2018,3/1/2018
Federal Capital Territory,Wuse,Apr,4,1,2018,Urea,19.51,4/1/2018,4/1/2018
Federal Capital Territory,Wuse,May,5,1,2018,Urea,19.42,5/1/2018,5/1/2018
Federal Capital Territory,Wuse,Jun,6,1,2018,Urea,19.41,6/1/2018,6/1/2018
Federal Capital Territory,Wuse,Jul,7,1,2018,Urea,19.94,7/1/2018,7/1/2018
Federal Capital Territory,Wuse,Aug,8,1,2018,Urea,19.93,8/1/2018,8/1/2018
Federal Capital Territory,Wuse,Sep,9,1,2018,Urea,19.9,9/1/2018,9/1/2018
Federal Capital Territory,Wuse,Oct,10,1,2018,Urea,18.99,10/1/2018,10/1/2018
Federal Capital Territory,Wuse,Nov,11,1,2018,Urea,19.38,11/1/2018,11/1/2018
Federal Capital Territory,Wuse,Dec,12,1,2018,Urea,19.37,12/1/2018,12/1/2018
Federal Capital Territory,Wuse,Jan,1,1,2019,Urea,19.12,1/1/2019,1/1/2019
Federal Capital Territory,Wuse,Feb,2,1,2019,Urea,18.96,2/1/2019,2/1/2019
Federal Capital Territory,Wuse,Mar,3,1,2019,Urea,17.64,3/1/2019,3/1/2019
Federal Capital Territory,Wuse,Apr,4,1,2019,Urea,17.08,4/1/2019,4/1/2019
Federal Capital Territory,Wuse,May,5,1,2019,Urea,17.13,5/1/2019,5/1/2019
Federal Capital Territory,Wuse,Jun,6,1,2019,Urea,17.44,6/1/2019,6/1/2019
Federal Capital Territory,Wuse,Jul,7,1,2019,Urea,18,7/1/2019,7/1/2019
Federal Capital Territory,Wuse,Aug,8,1,2019,Urea,19.57,8/1/2019,8/1/2019
Federal Capital Territory,Wuse,Sep,9,1,2019,Urea,17.45,9/1/2019,9/1/2019
Federal Capital Territory,Wuse,Oct,10,1,2019,Urea,17.42,10/1/2019,10/1/2019
Federal Capital Territory,Wuse,Nov,11,1,2019,Urea,17.24,11/1/2019,11/1/2019
Federal Capital Territory,Wuse,Dec,12,1,2019,Urea,17.25,12/1/2019,12/1/2019
Federal Capital Territory,Wuse,Jan,1,1,2020,Urea,17.52,1/1/2020,1/1/2020
Federal Capital Territory,Wuse,Feb,2,1,2020,Urea,17.44,2/1/2020,2/1/2020
Federal Capital Territory,Wuse,Mar,3,1,2020,Urea,17.01,3/1/2020,3/1/2020
Federal Capital Territory,Wuse,Apr,4,1,2020,Urea,16.99,4/1/2020,4/1/2020
Federal Capital Territory,Wuse,May,5,1,2020,Urea,16.53,5/1/2020,5/1/2020
Federal Capital Territory,Wuse,Jun,6,1,2020,Urea,18.74,6/1/2020,6/1/2020
Federal Capital Territory,Wuse,Jul,7,1,2020,Urea,23.41,7/1/2020,7/1/2020
Federal Capital Territory,Wuse,Aug,8,1,2020,Urea,30.45,8/1/2020,8/1/2020
Federal Capital Territory,Wuse,Sep,9,1,2020,Urea,21.22,9/1/2020,9/1/2020
Federal Capital Territory,Wuse,Oct,10,1,2020,Urea,20.9,10/1/2020,10/1/2020
Federal Capital Territory,Wuse,Nov,11,1,2020,Urea,20.11,11/1/2020,11/1/2020
Federal Capital Territory,Wuse,Dec,12,1,2020,Urea,20.72,12/1/2020,12/1/2020
Federal Capital Territory,Wuse,Jan,1,1,2021,Urea,24.37,1/1/2021,1/1/2021
Federal Capital Territory,Wuse,Feb,2,1,2021,Urea,25.53,2/1/2021,2/1/2021
Federal Capital Territory,Wuse,Mar,3,1,2021,Urea,26.48,3/1/2021,3/1/2021
Federal Capital Territory,Wuse,Apr,4,1,2021,Urea,29.03,4/1/2021,4/1/2021
Federal Capital Territory,Wuse,May,5,1,2021,Urea,29.41,5/1/2021,5/1/2021
Federal Capital Territory,Wuse,Jun,6,1,2021,Urea,28.81,6/1/2021,6/1/2021
Federal Capital Territory,Wuse,Jul,7,1,2021,Urea,27.25,7/1/2021,7/1/2021
Federal Capital Territory,Wuse,Aug,8,1,2021,Urea,27.22,8/1/2021,8/1/2021
Federal Capital Territory,Wuse,Sep,9,1,2021,Urea,26.25,9/1/2021,9/1/2021
Federal Capital Territory,Wuse,Oct,10,1,2021,Urea,26.29,10/1/2021,10/1/2021
Federal Capital Territory,Wuse,Nov,11,1,2021,Urea,28,11/1/2021,11/1/2021
Federal Capital Territory,Wuse,Dec,12,1,2021,Urea,32.89,12/1/2021,12/1/2021
Federal Capital Territory,Wuse,Jan,1,1,2022,Urea,38.63,1/1/2022,1/1/2022
Federal Capital Territory,Wuse,Feb,2,1,2022,Urea,39.67,2/1/2022,2/1/2022
Federal Capital Territory,Wuse,Mar,3,1,2022,Urea,40.86,3/1/2022,3/1/2022
Federal Capital Territory,Wuse,Apr,4,1,2022,Urea,41.03,4/1/2022,4/1/2022
Federal Capital Territory,Wuse,May,5,1,2022,Urea,45.79,5/1/2022,5/1/2022
Federal Capital Territory,Wuse,Jun,6,1,2022,Urea,46.9,6/1/2022,6/1/2022
Federal Capital Territory,Wuse,Jul,7,1,2022,Urea,46.81,7/1/2022,7/1/2022
Federal Capital Territory,Wuse,Aug,8,1,2022,Urea,53.63,8/1/2022,8/1/2022
Federal Capital Territory,Wuse,Sep,9,1,2022,Urea,49.06,9/1/2022,9/1/2022
Federal Capital Territory,Wuse,Oct,10,1,2022,Urea,45.52,10/1/2022,10/1/2022
Federal Capital Territory,Wuse,Nov,11,1,2022,Urea,44.87,11/1/2022,11/1/2022
Federal Capital Territory,Wuse,Dec,12,1,2022,Urea,47.11,12/1/2022,12/1/2022
Gombe,Gombe,Sep,9,1,2010,Urea,26.36,9/1/2010,9/1/2010
Gombe,Gombe,Oct,10,1,2010,Urea,26.2,10/1/2010,10/1/2010
Gombe,Gombe,Nov,11,1,2010,Urea,29.88,11/1/2010,11/1/2010
Gombe,Gombe,Jun,6,1,2011,Urea,26.25,6/1/2011,6/1/2011
Gombe,Gombe,Jul,7,1,2011,Urea,27.69,7/1/2011,7/1/2011
Gombe,Gombe,Aug,8,1,2011,Urea,34.69,8/1/2011,8/1/2011
Gombe,Gombe,Oct,10,1,2011,Urea,33.23,10/1/2011,10/1/2011
Gombe,Gombe,Dec,12,1,2011,Urea,30.2,12/1/2011,12/1/2011
Gombe,Gombe,Jan,1,1,2012,Urea,9.46,1/1/2012,1/1/2012
Jigawa,Babura,Dec,12,1,2010,Urea,26.24,12/1/2010,12/1/2010
Jigawa,Babura,Jan,1,1,2011,Urea,26.22,1/1/2011,1/1/2011
Jigawa,Babura,Feb,2,1,2011,Urea,26.16,2/1/2011,2/1/2011
Jigawa,Babura,May,5,1,2011,Urea,27.85,5/1/2011,5/1/2011
Jigawa,Babura,Jun,6,1,2011,Urea,31.26,6/1/2011,6/1/2011
Jigawa,Babura,Jul,7,1,2011,Urea,32.2,7/1/2011,7/1/2011
Jigawa,Babura,Aug,8,1,2011,Urea,31.53,8/1/2011,8/1/2011
Jigawa,Babura,Sep,9,1,2011,Urea,28.51,9/1/2011,9/1/2011
Kaduna,Kaduna,May,5,1,2011,Urea,19.79,5/1/2011,5/1/2011
Kaduna,Kaduna,Jun,6,1,2011,Urea,23.13,6/1/2011,6/1/2011
Kaduna,Kaduna,Jul,7,1,2011,Urea,23.83,7/1/2011,7/1/2011
Kaduna,Kaduna,Aug,8,1,2011,Urea,23.35,8/1/2011,8/1/2011
Kaduna,Kaduna,Sep,9,1,2011,Urea,31.68,9/1/2011,9/1/2011
Kaduna,Kaduna,Oct,10,1,2011,Urea,30.21,10/1/2011,10/1/2011
Kaduna,Kaduna,Nov,11,1,2011,Urea,33.69,11/1/2011,11/1/2011
Kaduna,Kaduna,Nov,11,1,2012,Urea,40.55,11/1/2012,11/1/2012
Kaduna,Kaduna,Dec,12,1,2012,Urea,40.51,12/1/2012,12/1/2012
Kaduna,Kaduna,Mar,3,1,2013,Urea,34.29,3/1/2013,3/1/2013
Kaduna,Kaduna,May,5,1,2013,Urea,31.2,5/1/2013,5/1/2013
Kaduna,Kaduna,Jun,6,1,2013,Urea,29.89,6/1/2013,6/1/2013
Kaduna,Kaduna,Jul,7,1,2013,Urea,33.79,7/1/2013,7/1/2013
Kaduna,Kaduna,Aug,8,1,2013,Urea,39.94,8/1/2013,8/1/2013
Kaduna,Kaduna,Sep,9,1,2013,Urea,36.18,9/1/2013,9/1/2013
Kaduna,Kaduna,Oct,10,1,2013,Urea,36.84,10/1/2013,10/1/2013
Kaduna,Kaduna,Dec,12,1,2013,Urea,40.55,12/1/2013,12/1/2013
Kaduna,Kaduna,Sep,9,1,2015,Urea,22.61,9/1/2015,9/1/2015
Kaduna,Kaduna,Oct,10,1,2015,Urea,21.74,10/1/2015,10/1/2015
Kaduna,Kaduna,Nov,11,1,2015,Urea,22.86,11/1/2015,11/1/2015
Kaduna,Kaduna,Jan,1,1,2016,Urea,30.14,1/1/2016,1/1/2016
Kaduna,Sabon Gari,Oct,10,1,2010,Urea,22.94,10/1/2010,10/1/2010
Kaduna,Sabon Gari,Jan,1,1,2017,Urea,24.11,1/1/2017,1/1/2017
Kaduna,Sabon Gari,Feb,2,1,2017,Urea,27.1,2/1/2017,2/1/2017
Kaduna,Sabon Gari,Mar,3,1,2017,Urea,25.46,3/1/2017,3/1/2017
Kaduna,Sabon Gari,Apr,4,1,2017,Urea,27.33,4/1/2017,4/1/2017
Kaduna,Sabon Gari,May,5,1,2017,Urea,23.71,5/1/2017,5/1/2017
Kaduna,Sabon Gari,Jun,6,1,2017,Urea,23.74,6/1/2017,6/1/2017
Kaduna,Sabon Gari,Jul,7,1,2017,Urea,23.81,7/1/2017,7/1/2017
Kaduna,Sabon Gari,Sep,9,1,2017,Urea,20.29,9/1/2017,9/1/2017
Kaduna,Sabon Gari,Oct,10,1,2017,Urea,19.48,10/1/2017,10/1/2017
Kaduna,Sabon Gari,Nov,11,1,2017,Urea,20.92,11/1/2017,11/1/2017
Kaduna,Sabon Gari,Dec,12,1,2017,Urea,20.83,12/1/2017,12/1/2017
Kaduna,Sabon Gari,Jan,1,1,2018,Urea,19.43,1/1/2018,1/1/2018
Kaduna,Sabon Gari,Feb,2,1,2018,Urea,18.03,2/1/2018,2/1/2018
Kaduna,Sabon Gari,Mar,3,1,2018,Urea,18.05,3/1/2018,3/1/2018
Kaduna,Sabon Gari,Apr,4,1,2018,Urea,20.07,4/1/2018,4/1/2018
Kaduna,Sabon Gari,May,5,1,2018,Urea,19.42,5/1/2018,5/1/2018
Kaduna,Sabon Gari,Jun,6,1,2018,Urea,19.41,6/1/2018,6/1/2018
Kaduna,Sabon Gari,Jul,7,1,2018,Urea,19.38,7/1/2018,7/1/2018
Kaduna,Sabon Gari,Aug,8,1,2018,Urea,19.38,8/1/2018,8/1/2018
Kaduna,Sabon Gari,Sep,9,1,2018,Urea,19.35,9/1/2018,9/1/2018
Kaduna,Sabon Gari,Oct,10,1,2018,Urea,19.26,10/1/2018,10/1/2018
Kaduna,Sabon Gari,Nov,11,1,2018,Urea,19.38,11/1/2018,11/1/2018
Kaduna,Sabon Gari,Dec,12,1,2018,Urea,16.6,12/1/2018,12/1/2018
Kaduna,Sabon Gari,Jan,1,1,2019,Urea,16.62,1/1/2019,1/1/2019
Kaduna,Sabon Gari,Feb,2,1,2019,Urea,18.68,2/1/2019,2/1/2019
Kaduna,Sabon Gari,Mar,3,1,2019,Urea,19.32,3/1/2019,3/1/2019
Kaduna,Sabon Gari,Apr,4,1,2019,Urea,18.48,4/1/2019,4/1/2019
Kaduna,Sabon Gari,May,5,1,2019,Urea,17.41,5/1/2019,5/1/2019
Kaduna,Sabon Gari,Jun,6,1,2019,Urea,18.56,6/1/2019,6/1/2019
Kaduna,Sabon Gari,Jul,7,1,2019,Urea,18.85,7/1/2019,7/1/2019
Kaduna,Sabon Gari,Aug,8,1,2019,Urea,20.69,8/1/2019,8/1/2019
Kaduna,Sabon Gari,Sep,9,1,2019,Urea,18.7,9/1/2019,9/1/2019
Kaduna,Sabon Gari,Oct,10,1,2019,Urea,18.67,10/1/2019,10/1/2019
Kaduna,Sabon Gari,Nov,11,1,2019,Urea,18.63,11/1/2019,11/1/2019
Kaduna,Sabon Gari,Dec,12,1,2019,Urea,18.64,12/1/2019,12/1/2019
Kaduna,Sabon Gari,Jan,1,1,2020,Urea,16.69,1/1/2020,1/1/2020
Kaduna,Sabon Gari,Feb,2,1,2020,Urea,16.89,2/1/2020,2/1/2020
Kaduna,Sabon Gari,Mar,3,1,2020,Urea,17.29,3/1/2020,3/1/2020
Kaduna,Sabon Gari,Apr,4,1,2020,Urea,17.52,4/1/2020,4/1/2020
Kaduna,Sabon Gari,May,5,1,2020,Urea,17.05,5/1/2020,5/1/2020
Kaduna,Sabon Gari,Jun,6,1,2020,Urea,19.52,6/1/2020,6/1/2020
Kaduna,Sabon Gari,Jul,7,1,2020,Urea,27.31,7/1/2020,7/1/2020
Kaduna,Sabon Gari,Aug,8,1,2020,Urea,30.45,8/1/2020,8/1/2020
Kaduna,Sabon Gari,Sep,9,1,2020,Urea,21.22,9/1/2020,9/1/2020
Kaduna,Sabon Gari,Oct,10,1,2020,Urea,20.64,10/1/2020,10/1/2020
Kaduna,Sabon Gari,Nov,11,1,2020,Urea,19.84,11/1/2020,11/1/2020
Kaduna,Sabon Gari,Dec,12,1,2020,Urea,21.25,12/1/2020,12/1/2020
Kaduna,Sabon Gari,Jan,1,1,2021,Urea,24.64,1/1/2021,1/1/2021
Kaduna,Sabon Gari,Feb,2,1,2021,Urea,25.8,2/1/2021,2/1/2021
Kaduna,Sabon Gari,Mar,3,1,2021,Urea,27.27,3/1/2021,3/1/2021
Kaduna,Sabon Gari,Apr,4,1,2021,Urea,30.35,4/1/2021,4/1/2021
Kaduna,Sabon Gari,May,5,1,2021,Urea,30.69,5/1/2021,5/1/2021
Kaduna,Sabon Gari,Jun,6,1,2021,Urea,30.52,6/1/2021,6/1/2021
Kaduna,Sabon Gari,Jul,7,1,2021,Urea,28.71,7/1/2021,7/1/2021
Kaduna,Sabon Gari,Aug,8,1,2021,Urea,28.19,8/1/2021,8/1/2021
Kaduna,Sabon Gari,Sep,9,1,2021,Urea,26.73,9/1/2021,9/1/2021
Kaduna,Sabon Gari,Oct,10,1,2021,Urea,26.78,10/1/2021,10/1/2021
Kaduna,Sabon Gari,Nov,11,1,2021,Urea,28,11/1/2021,11/1/2021
Kaduna,Sabon Gari,Dec,12,1,2021,Urea,34.11,12/1/2021,12/1/2021
Kaduna,Sabon Gari,Jan,1,1,2022,Urea,39.83,1/1/2022,1/1/2022
Kaduna,Sabon Gari,Feb,2,1,2022,Urea,39.67,2/1/2022,2/1/2022
Kaduna,Sabon Gari,Mar,3,1,2022,Urea,40.86,3/1/2022,3/1/2022
Kaduna,Sabon Gari,Apr,4,1,2022,Urea,41.52,4/1/2022,4/1/2022
Kaduna,Sabon Gari,May,5,1,2022,Urea,47.47,5/1/2022,5/1/2022
Kaduna,Sabon Gari,Jun,6,1,2022,Urea,48.1,6/1/2022,6/1/2022
Kaduna,Sabon Gari,Jul,7,1,2022,Urea,48.01,7/1/2022,7/1/2022
Kaduna,Sabon Gari,Aug,8,1,2022,Urea,54.83,8/1/2022,8/1/2022
Kaduna,Sabon Gari,Sep,9,1,2022,Urea,46.73,9/1/2022,9/1/2022
Kaduna,Sabon Gari,Oct,10,1,2022,Urea,45.97,10/1/2022,10/1/2022
Kaduna,Sabon Gari,Nov,11,1,2022,Urea,45.32,11/1/2022,11/1/2022
Kaduna,Sabon Gari,Dec,12,1,2022,Urea,48.23,12/1/2022,12/1/2022
Kano,Gwarzo,Sep,9,1,2010,Urea,29.55,9/1/2010,9/1/2010
Kano,Kano,Dec,12,1,2010,Urea,23.61,12/1/2010,12/1/2010
Kano,Kano,Feb,2,1,2011,Urea,23.55,2/1/2011,2/1/2011
Kano,Kano,Mar,3,1,2011,Urea,23.82,3/1/2011,3/1/2011
Kano,Kano,May,5,1,2011,Urea,23.53,5/1/2011,5/1/2011
Kano,Kano,Jun,6,1,2011,Urea,25.66,6/1/2011,6/1/2011
Kano,Kano,Jul,7,1,2011,Urea,26.4,7/1/2011,7/1/2011
Kano,Kano,Aug,8,1,2011,Urea,30.89,8/1/2011,8/1/2011
Kano,Kano,Oct,10,1,2011,Urea,29.32,10/1/2011,10/1/2011
Kano,Kano,Apr,4,1,2016,Urea,28.64,4/1/2016,4/1/2016
Kano,Kano,May,5,1,2016,Urea,28.63,5/1/2016,5/1/2016
Kano,Kano,Jul,7,1,2016,Urea,27.31,7/1/2016,7/1/2016
Kano,Kano,Sep,9,1,2016,Urea,35.21,9/1/2016,9/1/2016
Kano,Kano,Oct,10,1,2016,Urea,24.22,10/1/2016,10/1/2016
Kano,Kano,Nov,11,1,2016,Urea,25.35,11/1/2016,11/1/2016
Kano,Kano,Dec,12,1,2016,Urea,23.82,12/1/2016,12/1/2016
Kano,Tudun Wako,Jan,1,1,2017,Urea,24.11,1/1/2017,1/1/2017
Kano,Tudun Wako,Feb,2,1,2017,Urea,25.5,2/1/2017,2/1/2017
Kano,Tudun Wako,Apr,4,1,2017,Urea,22.83,4/1/2017,4/1/2017
Kano,Tudun Wako,May,5,1,2017,Urea,23.71,5/1/2017,5/1/2017
Kano,Tudun Wako,Jun,6,1,2017,Urea,23.74,6/1/2017,6/1/2017
Kano,Tudun Wako,Jul,7,1,2017,Urea,22.86,7/1/2017,7/1/2017
Kano,Tudun Wako,Sep,9,1,2017,Urea,19.73,9/1/2017,9/1/2017
Kano,Tudun Wako,Oct,10,1,2017,Urea,23.65,10/1/2017,10/1/2017
Kano,Tudun Wako,Nov,11,1,2017,Urea,18.13,11/1/2017,11/1/2017
Kano,Tudun Wako,Dec,12,1,2017,Urea,18.33,12/1/2017,12/1/2017
Kano,Tudun Wako,Jan,1,1,2018,Urea,19.43,1/1/2018,1/1/2018
Kano,Tudun Wako,Feb,2,1,2018,Urea,19.42,2/1/2018,2/1/2018
Kano,Tudun Wako,Mar,3,1,2018,Urea,20.83,3/1/2018,3/1/2018
Kano,Tudun Wako,Apr,4,1,2018,Urea,20.48,4/1/2018,4/1/2018
Kano,Tudun Wako,May,5,1,2018,Urea,20.8,5/1/2018,5/1/2018
Kano,Tudun Wako,Jun,6,1,2018,Urea,20.8,6/1/2018,6/1/2018
Kano,Tudun Wako,Jul,7,1,2018,Urea,21.32,7/1/2018,7/1/2018
Kano,Tudun Wako,Aug,8,1,2018,Urea,19.93,8/1/2018,8/1/2018
Kano,Tudun Wako,Sep,9,1,2018,Urea,19.9,9/1/2018,9/1/2018
Kano,Tudun Wako,Oct,10,1,2018,Urea,18.71,10/1/2018,10/1/2018
Kano,Tudun Wako,Nov,11,1,2018,Urea,19.1,11/1/2018,11/1/2018
Kano,Tudun Wako,Dec,12,1,2018,Urea,20.2,12/1/2018,12/1/2018
Kano,Tudun Wako,Jan,1,1,2019,Urea,20.22,1/1/2019,1/1/2019
Kano,Tudun Wako,Feb,2,1,2019,Urea,18.96,2/1/2019,2/1/2019
Kano,Tudun Wako,Mar,3,1,2019,Urea,20.16,3/1/2019,3/1/2019
Kano,Tudun Wako,Apr,4,1,2019,Urea,19.04,4/1/2019,4/1/2019
Kano,Tudun Wako,May,5,1,2019,Urea,19.1,5/1/2019,5/1/2019
Kano,Tudun Wako,Jun,6,1,2019,Urea,19.12,6/1/2019,6/1/2019
Kano,Tudun Wako,Jul,7,1,2019,Urea,19.13,7/1/2019,7/1/2019
Kano,Tudun Wako,Aug,8,1,2019,Urea,20.13,8/1/2019,8/1/2019
Kano,Tudun Wako,Sep,9,1,2019,Urea,18.98,9/1/2019,9/1/2019
Kano,Tudun Wako,Oct,10,1,2019,Urea,18.95,10/1/2019,10/1/2019
Kano,Tudun Wako,Nov,11,1,2019,Urea,17.79,11/1/2019,11/1/2019
Kano,Tudun Wako,Dec,12,1,2019,Urea,17.81,12/1/2019,12/1/2019
Kano,Tudun Wako,Jan,1,1,2020,Urea,18.36,1/1/2020,1/1/2020
Kano,Tudun Wako,Feb,2,1,2020,Urea,16.33,2/1/2020,2/1/2020
Kano,Tudun Wako,Mar,3,1,2020,Urea,19.76,3/1/2020,3/1/2020
Kano,Tudun Wako,Apr,4,1,2020,Urea,18.05,4/1/2020,4/1/2020
Kano,Tudun Wako,May,5,1,2020,Urea,17.57,5/1/2020,5/1/2020
Kano,Tudun Wako,Jun,6,1,2020,Urea,19.52,6/1/2020,6/1/2020
Kano,Tudun Wako,Jul,7,1,2020,Urea,26.01,7/1/2020,7/1/2020
Kano,Tudun Wako,Aug,8,1,2020,Urea,29.12,8/1/2020,8/1/2020
Kano,Tudun Wako,Sep,9,1,2020,Urea,21.22,9/1/2020,9/1/2020
Kano,Tudun Wako,Oct,10,1,2020,Urea,21.17,10/1/2020,10/1/2020
Kano,Tudun Wako,Nov,11,1,2020,Urea,21.16,11/1/2020,11/1/2020
Kano,Tudun Wako,Dec,12,1,2020,Urea,22.58,12/1/2020,12/1/2020
Kano,Tudun Wako,Jan,1,1,2021,Urea,25.7,1/1/2021,1/1/2021
Kano,Tudun Wako,Feb,2,1,2021,Urea,26.06,2/1/2021,2/1/2021
Kano,Tudun Wako,Mar,3,1,2021,Urea,27.8,3/1/2021,3/1/2021
Kano,Tudun Wako,Apr,4,1,2021,Urea,32.46,4/1/2021,4/1/2021
Kano,Tudun Wako,May,5,1,2021,Urea,31.97,5/1/2021,5/1/2021
Kano,Tudun Wako,Jun,6,1,2021,Urea,29.3,6/1/2021,6/1/2021
Kano,Tudun Wako,Jul,7,1,2021,Urea,28.95,7/1/2021,7/1/2021
Kano,Tudun Wako,Aug,8,1,2021,Urea,29.16,8/1/2021,8/1/2021
Kano,Tudun Wako,Sep,9,1,2021,Urea,27.7,9/1/2021,9/1/2021
Kano,Tudun Wako,Oct,10,1,2021,Urea,27.75,10/1/2021,10/1/2021
Kano,Tudun Wako,Nov,11,1,2021,Urea,28,11/1/2021,11/1/2021
Kano,Tudun Wako,Dec,12,1,2021,Urea,34.11,12/1/2021,12/1/2021
Kano,Tudun Wako,Jan,1,1,2022,Urea,39.83,1/1/2022,1/1/2022
Kano,Tudun Wako,Feb,2,1,2022,Urea,39.67,2/1/2022,2/1/2022
Kano,Tudun Wako,Mar,3,1,2022,Urea,40.86,3/1/2022,3/1/2022
Kano,Tudun Wako,Apr,4,1,2022,Urea,41.03,4/1/2022,4/1/2022
Kano,Tudun Wako,May,5,1,2022,Urea,48.2,5/1/2022,5/1/2022
Kano,Tudun Wako,Jun,6,1,2022,Urea,48.1,6/1/2022,6/1/2022
Kano,Tudun Wako,Jul,7,1,2022,Urea,48.01,7/1/2022,7/1/2022
Kano,Tudun Wako,Aug,8,1,2022,Urea,50.06,8/1/2022,8/1/2022
Kano,Tudun Wako,Sep,9,1,2022,Urea,48.6,9/1/2022,9/1/2022
Kano,Tudun Wako,Oct,10,1,2022,Urea,47.12,10/1/2022,10/1/2022
Kano,Tudun Wako,Nov,11,1,2022,Urea,46.46,11/1/2022,11/1/2022
Kano,Tudun Wako,Dec,12,1,2022,Urea,49.35,12/1/2022,12/1/2022
Katsina,Katsina,Dec,12,1,2011,Urea,42.28,12/1/2011,12/1/2011
Katsina,Katsina,Aug,8,1,2012,Urea,33.37,8/1/2012,8/1/2012
Katsina,Katsina,Nov,11,1,2012,Urea,32.43,11/1/2012,11/1/2012
Katsina,Katsina,Dec,12,1,2012,Urea,28.05,12/1/2012,12/1/2012
Katsina,Katsina,May,5,1,2013,Urea,31.2,5/1/2013,5/1/2013
Katsina,Katsina,Aug,8,1,2013,Urea,29.48,8/1/2013,8/1/2013
Katsina,Katsina,Sep,9,1,2013,Urea,28.91,9/1/2013,9/1/2013
Kogi,Idah,Jan,1,1,2014,Urea,29.88,1/1/2014,1/1/2014
Kogi,Idah,Feb,2,1,2014,Urea,29.7,2/1/2014,2/1/2014
Kogi,Idah,Mar,3,1,2014,Urea,29.04,3/1/2014,3/1/2014
Kogi,Idah,Apr,4,1,2014,Urea,29.96,4/1/2014,4/1/2014
Kogi,Idah,May,5,1,2014,Urea,30.32,5/1/2014,5/1/2014
Kogi,Idah,Jun,6,1,2014,Urea,30.04,6/1/2014,6/1/2014
Kogi,Idah,Jul,7,1,2014,Urea,29.34,7/1/2014,7/1/2014
Kogi,Idah,Aug,8,1,2014,Urea,28.66,8/1/2014,8/1/2014
Kogi,Idah,Sep,9,1,2014,Urea,29.55,9/1/2014,9/1/2014
Kogi,Idah,Oct,10,1,2014,Urea,29.59,10/1/2014,10/1/2014
Kogi,Idah,Nov,11,1,2014,Urea,29.48,11/1/2014,11/1/2014
Kogi,Idah,Dec,12,1,2014,Urea,29.58,12/1/2014,12/1/2014
Kogi,Idah,Jan,1,1,2015,Urea,29.67,1/1/2015,1/1/2015
Kwara,Ilorin,Sep,9,1,2010,Urea,25.67,9/1/2010,9/1/2010
Kwara,Ilorin,Oct,10,1,2010,Urea,26.2,10/1/2010,10/1/2010
Kwara,Ilorin,Sep,9,1,2015,Urea,28.14,9/1/2015,9/1/2015
Kwara,Ilorin,Oct,10,1,2015,Urea,28.14,10/1/2015,10/1/2015
Kwara,Ilorin,Nov,11,1,2015,Urea,26.38,11/1/2015,11/1/2015
Kwara,Ilorin,Dec,12,1,2015,Urea,27.64,12/1/2015,12/1/2015
Kwara,Ilorin,Jan,1,1,2016,Urea,27.63,1/1/2016,1/1/2016
Kwara,Ilorin,Feb,2,1,2016,Urea,27.62,2/1/2016,2/1/2016
Kwara,Ilorin,Mar,3,1,2016,Urea,29.89,3/1/2016,3/1/2016
Kwara,Ilorin,Apr,4,1,2016,Urea,30.65,4/1/2016,4/1/2016
Kwara,Ilorin,May,5,1,2016,Urea,29.89,5/1/2016,5/1/2016
Kwara,Ilorin,Jun,6,1,2016,Urea,30.66,6/1/2016,6/1/2016
Kwara,Ilorin,Jul,7,1,2016,Urea,26.46,7/1/2016,7/1/2016
Kwara,Ilorin,Sep,9,1,2016,Urea,22.08,9/1/2016,9/1/2016
Kwara,Ilorin,Oct,10,1,2016,Urea,25.02,10/1/2016,10/1/2016
Kwara,Ilorin,Nov,11,1,2016,Urea,23.76,11/1/2016,11/1/2016
Kwara,Ilorin,Dec,12,1,2016,Urea,23.02,12/1/2016,12/1/2016
Kwara,Ilorin,Jan,1,1,2017,Urea,23.47,1/1/2017,1/1/2017
Kwara,Ilorin,Feb,2,1,2017,Urea,27.1,2/1/2017,2/1/2017
Kwara,Ilorin,Mar,3,1,2017,Urea,24.19,3/1/2017,3/1/2017
Kwara,Ilorin,Apr,4,1,2017,Urea,25.72,4/1/2017,4/1/2017
Kwara,Ilorin,May,5,1,2017,Urea,24.42,5/1/2017,5/1/2017
Kwara,Ilorin,Jun,6,1,2017,Urea,24.38,6/1/2017,6/1/2017
Kwara,Ilorin,Jul,7,1,2017,Urea,23.81,7/1/2017,7/1/2017
Kwara,Ilorin,Aug,8,1,2017,Urea,22.01,8/1/2017,8/1/2017
Kwara,Ilorin,Sep,9,1,2017,Urea,19.45,9/1/2017,9/1/2017
Kwara,Ilorin,Oct,10,1,2017,Urea,20.87,10/1/2017,10/1/2017
Kwara,Ilorin,Nov,11,1,2017,Urea,20.92,11/1/2017,11/1/2017
Kwara,Ilorin,Dec,12,1,2017,Urea,19.44,12/1/2017,12/1/2017
Kwara,Ilorin,Jan,1,1,2018,Urea,18.05,1/1/2018,1/1/2018
Kwara,Ilorin,Feb,2,1,2018,Urea,16.64,2/1/2018,2/1/2018
Kwara,Ilorin,Mar,3,1,2018,Urea,17.22,3/1/2018,3/1/2018
Kwara,Ilorin,Apr,4,1,2018,Urea,17.28,4/1/2018,4/1/2018
Kwara,Ilorin,May,5,1,2018,Urea,17.2,5/1/2018,5/1/2018
Kwara,Ilorin,Jun,6,1,2018,Urea,17.47,6/1/2018,6/1/2018
Kwara,Ilorin,Jul,7,1,2018,Urea,18.83,7/1/2018,7/1/2018
Kwara,Ilorin,Aug,8,1,2018,Urea,19.1,8/1/2018,8/1/2018
Kwara,Ilorin,Sep,9,1,2018,Urea,19.07,9/1/2018,9/1/2018
Kwara,Ilorin,Oct,10,1,2018,Urea,18.99,10/1/2018,10/1/2018
Kwara,Ilorin,Nov,11,1,2018,Urea,19.1,11/1/2018,11/1/2018
Kwara,Ilorin,Dec,12,1,2018,Urea,19.09,12/1/2018,12/1/2018
Kwara,Ilorin,Jan,1,1,2019,Urea,18.98,1/1/2019,1/1/2019
Kwara,Ilorin,Feb,2,1,2019,Urea,19.1,2/1/2019,2/1/2019
Kwara,Ilorin,Mar,3,1,2019,Urea,19.18,3/1/2019,3/1/2019
Kwara,Ilorin,Apr,4,1,2019,Urea,17.92,4/1/2019,4/1/2019
Kwara,Ilorin,May,5,1,2019,Urea,17.69,5/1/2019,5/1/2019
Kwara,Ilorin,Jun,6,1,2019,Urea,18,6/1/2019,6/1/2019
Kwara,Ilorin,Jul,7,1,2019,Urea,18.56,7/1/2019,7/1/2019
Kwara,Ilorin,Aug,8,1,2019,Urea,19.85,8/1/2019,8/1/2019
Kwara,Ilorin,Sep,9,1,2019,Urea,18.15,9/1/2019,9/1/2019
Kwara,Ilorin,Oct,10,1,2019,Urea,18.11,10/1/2019,10/1/2019
Kwara,Ilorin,Nov,11,1,2019,Urea,17.79,11/1/2019,11/1/2019
Kwara,Ilorin,Dec,12,1,2019,Urea,17.81,12/1/2019,12/1/2019
Kwara,Ilorin,Jan,1,1,2020,Urea,17.52,1/1/2020,1/1/2020
Kwara,Ilorin,Feb,2,1,2020,Urea,16.06,2/1/2020,2/1/2020
Kwara,Ilorin,Mar,3,1,2020,Urea,17.01,3/1/2020,3/1/2020
Kwara,Ilorin,Apr,4,1,2020,Urea,16.99,4/1/2020,4/1/2020
Kwara,Ilorin,May,5,1,2020,Urea,16.79,5/1/2020,5/1/2020
Kwara,Ilorin,Jun,6,1,2020,Urea,19.52,6/1/2020,6/1/2020
Kwara,Ilorin,Jul,7,1,2020,Urea,23.93,7/1/2020,7/1/2020
Kwara,Ilorin,Aug,8,1,2020,Urea,29.12,8/1/2020,8/1/2020
Kwara,Ilorin,Sep,9,1,2020,Urea,21.49,9/1/2020,9/1/2020
Kwara,Ilorin,Oct,10,1,2020,Urea,21.17,10/1/2020,10/1/2020
Kwara,Ilorin,Nov,11,1,2020,Urea,20.63,11/1/2020,11/1/2020
Kwara,Ilorin,Dec,12,1,2020,Urea,23.91,12/1/2020,12/1/2020
Kwara,Ilorin,Jan,1,1,2021,Urea,22.52,1/1/2021,1/1/2021
Kwara,Ilorin,Feb,2,1,2021,Urea,26.73,2/1/2021,2/1/2021
Kwara,Ilorin,Mar,3,1,2021,Urea,28.47,3/1/2021,3/1/2021
Kwara,Ilorin,Apr,4,1,2021,Urea,30.09,4/1/2021,4/1/2021
Kwara,Ilorin,May,5,1,2021,Urea,29.41,5/1/2021,5/1/2021
Kwara,Ilorin,Jun,6,1,2021,Urea,29.3,6/1/2021,6/1/2021
Kwara,Ilorin,Jul,7,1,2021,Urea,27.43,7/1/2021,7/1/2021
Kwara,Ilorin,Aug,8,1,2021,Urea,27.22,8/1/2021,8/1/2021
Kwara,Ilorin,Sep,9,1,2021,Urea,26,9/1/2021,9/1/2021
Kwara,Ilorin,Oct,10,1,2021,Urea,26.05,10/1/2021,10/1/2021
Kwara,Ilorin,Nov,11,1,2021,Urea,27.03,11/1/2021,11/1/2021
Kwara,Ilorin,Dec,12,1,2021,Urea,32.28,12/1/2021,12/1/2021
Kwara,Ilorin,Jan,1,1,2022,Urea,38.63,1/1/2022,1/1/2022
Kwara,Ilorin,Feb,2,1,2022,Urea,38.47,2/1/2022,2/1/2022
Kwara,Ilorin,Mar,3,1,2022,Urea,39.66,3/1/2022,3/1/2022
Kwara,Ilorin,Apr,4,1,2022,Urea,40.31,4/1/2022,4/1/2022
Kwara,Ilorin,May,5,1,2022,Urea,46.99,5/1/2022,5/1/2022
Kwara,Ilorin,Jun,6,1,2022,Urea,46.9,6/1/2022,6/1/2022
Kwara,Ilorin,Jul,7,1,2022,Urea,47.17,7/1/2022,7/1/2022
Kwara,Ilorin,Aug,8,1,2022,Urea,47.68,8/1/2022,8/1/2022
Kwara,Ilorin,Sep,9,1,2022,Urea,46.49,9/1/2022,9/1/2022
Kwara,Ilorin,Oct,10,1,2022,Urea,45.75,10/1/2022,10/1/2022
Kwara,Ilorin,Nov,11,1,2022,Urea,45.1,11/1/2022,11/1/2022
Kwara,Ilorin,Dec,12,1,2022,Urea,47.11,12/1/2022,12/1/2022
Kwara,Lafiagi,Jan,1,1,2017,Urea,22.5,1/1/2017,1/1/2017
Kwara,Lafiagi,Feb,2,1,2017,Urea,27.1,2/1/2017,2/1/2017
Kwara,Lafiagi,Mar,3,1,2017,Urea,25.46,3/1/2017,3/1/2017
Kwara,Lafiagi,Apr,4,1,2017,Urea,27.33,4/1/2017,4/1/2017
Kwara,Lafiagi,May,5,1,2017,Urea,24.42,5/1/2017,5/1/2017
Kwara,Lafiagi,Jun,6,1,2017,Urea,24.38,6/1/2017,6/1/2017
Kwara,Lafiagi,Jul,7,1,2017,Urea,24.45,7/1/2017,7/1/2017
Kwara,Lafiagi,Sep,9,1,2017,Urea,27.79,9/1/2017,9/1/2017
Lagos,Ikeja,Feb,2,1,2016,Urea,27.62,2/1/2016,2/1/2016
Lagos,Ikeja,Mar,3,1,2016,Urea,27.63,3/1/2016,3/1/2016
Lagos,Ikeja,Apr,4,1,2016,Urea,29.9,4/1/2016,4/1/2016
Lagos,Ikeja,May,5,1,2016,Urea,30.14,5/1/2016,5/1/2016
Lagos,Ikeja,Jun,6,1,2016,Urea,29.52,6/1/2016,6/1/2016
Lagos,Ikeja,Jul,7,1,2016,Urea,23.9,7/1/2016,7/1/2016
Lagos,Ikeja,Sep,9,1,2016,Urea,20.8,9/1/2016,9/1/2016
Lagos,Ikeja,Oct,10,1,2016,Urea,22.6,10/1/2016,10/1/2016
Lagos,Ikeja,Nov,11,1,2016,Urea,22.18,11/1/2016,11/1/2016
Lagos,Ikeja,Dec,12,1,2016,Urea,21.44,12/1/2016,12/1/2016
Lagos,Ikeja,Jan,1,1,2017,Urea,21.7,1/1/2017,1/1/2017
Lagos,Ikeja,Feb,2,1,2017,Urea,23.91,2/1/2017,2/1/2017
Lagos,Ikeja,Mar,3,1,2017,Urea,22.28,3/1/2017,3/1/2017
Lagos,Ikeja,Apr,4,1,2017,Urea,22.99,4/1/2017,4/1/2017
Lagos,Ikeja,May,5,1,2017,Urea,24.27,5/1/2017,5/1/2017
Lagos,Ikeja,Jun,6,1,2017,Urea,23.43,6/1/2017,6/1/2017
Lagos,Ikeja,Jul,7,1,2017,Urea,25.4,7/1/2017,7/1/2017
Lagos,Ikeja,Oct,10,1,2017,Urea,22.73,10/1/2017,10/1/2017
Lagos,Ikeja,Dec,12,1,2017,Urea,20.83,12/1/2017,12/1/2017
Lagos,Ikeja,Jan,1,1,2018,Urea,16.66,1/1/2018,1/1/2018
Lagos,Ikeja,Feb,2,1,2018,Urea,18.03,2/1/2018,2/1/2018
Lagos,Ikeja,Mar,3,1,2018,Urea,18.05,3/1/2018,3/1/2018
Lagos,Ikeja,Apr,4,1,2018,Urea,18.11,4/1/2018,4/1/2018
Lagos,Ikeja,May,5,1,2018,Urea,18.58,5/1/2018,5/1/2018
Lagos,Ikeja,Jun,6,1,2018,Urea,18.58,6/1/2018,6/1/2018
Lagos,Ikeja,Jul,7,1,2018,Urea,19.38,7/1/2018,7/1/2018
Lagos,Ikeja,Aug,8,1,2018,Urea,19.38,8/1/2018,8/1/2018
Lagos,Ikeja,Sep,9,1,2018,Urea,19.35,9/1/2018,9/1/2018
Lagos,Ikeja,Oct,10,1,2018,Urea,19.26,10/1/2018,10/1/2018
Lagos,Ikeja,Nov,11,1,2018,Urea,19.38,11/1/2018,11/1/2018
Lagos,Ikeja,Dec,12,1,2018,Urea,18.81,12/1/2018,12/1/2018
Lagos,Ikeja,Jan,1,1,2019,Urea,18.56,1/1/2019,1/1/2019
Lagos,Ikeja,Feb,2,1,2019,Urea,18.68,2/1/2019,2/1/2019
Lagos,Ikeja,Mar,3,1,2019,Urea,19.04,3/1/2019,3/1/2019
Lagos,Ikeja,Apr,4,1,2019,Urea,18.2,4/1/2019,4/1/2019
Lagos,Ikeja,May,5,1,2019,Urea,18.26,5/1/2019,5/1/2019
Lagos,Ikeja,Jun,6,1,2019,Urea,18.28,6/1/2019,6/1/2019
Lagos,Ikeja,Jul,7,1,2019,Urea,18.56,7/1/2019,7/1/2019
Lagos,Ikeja,Aug,8,1,2019,Urea,19.57,8/1/2019,8/1/2019
Lagos,Ikeja,Sep,9,1,2019,Urea,18.43,9/1/2019,9/1/2019
Lagos,Ikeja,Oct,10,1,2019,Urea,18.39,10/1/2019,10/1/2019
Lagos,Ikeja,Nov,11,1,2019,Urea,17.24,11/1/2019,11/1/2019
Lagos,Ikeja,Dec,12,1,2019,Urea,17.25,12/1/2019,12/1/2019
Lagos,Ikeja,Jan,1,1,2020,Urea,18.63,1/1/2020,1/1/2020
Lagos,Ikeja,Feb,2,1,2020,Urea,16.06,2/1/2020,2/1/2020
Lagos,Ikeja,Mar,3,1,2020,Urea,18.66,3/1/2020,3/1/2020
Lagos,Ikeja,Apr,4,1,2020,Urea,17.26,4/1/2020,4/1/2020
Lagos,Ikeja,May,5,1,2020,Urea,16.79,5/1/2020,5/1/2020
Lagos,Ikeja,Jun,6,1,2020,Urea,18.22,6/1/2020,6/1/2020
Lagos,Ikeja,Jul,7,1,2020,Urea,22.11,7/1/2020,7/1/2020
Lagos,Ikeja,Aug,8,1,2020,Urea,23.83,8/1/2020,8/1/2020
Lagos,Ikeja,Sep,9,1,2020,Urea,20.69,9/1/2020,9/1/2020
Lagos,Ikeja,Oct,10,1,2020,Urea,20.64,10/1/2020,10/1/2020
Lagos,Ikeja,Nov,11,1,2020,Urea,20.37,11/1/2020,11/1/2020
Lagos,Ikeja,Dec,12,1,2020,Urea,21.25,12/1/2020,12/1/2020
Lagos,Ikeja,Jan,1,1,2021,Urea,21.99,1/1/2021,1/1/2021
Lagos,Ikeja,Feb,2,1,2021,Urea,22.07,2/1/2021,2/1/2021
Lagos,Ikeja,Mar,3,1,2021,Urea,27.01,3/1/2021,3/1/2021
Lagos,Ikeja,Apr,4,1,2021,Urea,26.92,4/1/2021,4/1/2021
Lagos,Ikeja,May,5,1,2021,Urea,26.85,5/1/2021,5/1/2021
Lagos,Ikeja,Jun,6,1,2021,Urea,28.08,6/1/2021,6/1/2021
Lagos,Ikeja,Jul,7,1,2021,Urea,24.33,7/1/2021,7/1/2021
Lagos,Ikeja,Aug,8,1,2021,Urea,24.3,8/1/2021,8/1/2021
Lagos,Ikeja,Sep,9,1,2021,Urea,24.06,9/1/2021,9/1/2021
Lagos,Ikeja,Oct,10,1,2021,Urea,24.1,10/1/2021,10/1/2021
Lagos,Ikeja,Nov,11,1,2021,Urea,27.51,11/1/2021,11/1/2021
Lagos,Ikeja,Dec,12,1,2021,Urea,27.53,12/1/2021,12/1/2021
Lagos,Ikeja,Jan,1,1,2022,Urea,37.42,1/1/2022,1/1/2022
Lagos,Ikeja,Feb,2,1,2022,Urea,37.27,2/1/2022,2/1/2022
Lagos,Ikeja,Mar,3,1,2022,Urea,38.46,3/1/2022,3/1/2022
Lagos,Ikeja,Apr,4,1,2022,Urea,38.62,4/1/2022,4/1/2022
Lagos,Ikeja,May,5,1,2022,Urea,44.58,5/1/2022,5/1/2022
Lagos,Ikeja,Jun,6,1,2022,Urea,44.49,6/1/2022,6/1/2022
Lagos,Ikeja,Jul,7,1,2022,Urea,45.61,7/1/2022,7/1/2022
Lagos,Ikeja,Aug,8,1,2022,Urea,47.68,8/1/2022,8/1/2022
Lagos,Ikeja,Sep,9,1,2022,Urea,46.73,9/1/2022,9/1/2022
Lagos,Ikeja,Oct,10,1,2022,Urea,44.83,10/1/2022,10/1/2022
Lagos,Ikeja,Nov,11,1,2022,Urea,44.19,11/1/2022,11/1/2022
Lagos,Ikeja,Dec,12,1,2022,Urea,44.86,12/1/2022,12/1/2022
Niger,Bida,Sep,9,1,2010,Urea,26.36,9/1/2010,9/1/2010
Niger,Bida,Nov,11,1,2010,Urea,26.56,11/1/2010,11/1/2010
Niger,Bida,Jan,1,1,2017,Urea,24.11,1/1/2017,1/1/2017
Niger,Bida,Feb,2,1,2017,Urea,30.29,2/1/2017,2/1/2017
Niger,Bida,Mar,3,1,2017,Urea,28.64,3/1/2017,3/1/2017
Niger,Bida,Apr,4,1,2017,Urea,25.72,4/1/2017,4/1/2017
Niger,Bida,May,5,1,2017,Urea,25.38,5/1/2017,5/1/2017
Niger,Bida,Jun,6,1,2017,Urea,22.16,6/1/2017,6/1/2017
Niger,Bida,Jul,7,1,2017,Urea,25.4,7/1/2017,7/1/2017
Niger,Bida,Oct,10,1,2017,Urea,20.04,10/1/2017,10/1/2017
Niger,Minna,Sep,9,1,2015,Urea,20.18,9/1/2015,9/1/2015
Niger,Minna,Oct,10,1,2015,Urea,20.19,10/1/2015,10/1/2015
Niger,Minna,Nov,11,1,2015,Urea,23.36,11/1/2015,11/1/2015
Niger,Minna,Feb,2,1,2016,Urea,28.13,2/1/2016,2/1/2016
Niger,Minna,Mar,3,1,2016,Urea,27.63,3/1/2016,3/1/2016
Niger,Minna,Apr,4,1,2016,Urea,28.14,4/1/2016,4/1/2016
Niger,Minna,May,5,1,2016,Urea,31.15,5/1/2016,5/1/2016
Niger,Minna,Jun,6,1,2016,Urea,28.16,6/1/2016,6/1/2016
Niger,Minna,Jul,7,1,2016,Urea,25.6,7/1/2016,7/1/2016
Niger,Minna,Sep,9,1,2016,Urea,21.92,9/1/2016,9/1/2016
Niger,Minna,Oct,10,1,2016,Urea,26.15,10/1/2016,10/1/2016
Niger,Minna,Nov,11,1,2016,Urea,20.6,11/1/2016,11/1/2016
Niger,Minna,Dec,12,1,2016,Urea,21.12,12/1/2016,12/1/2016
Niger,Minna,Jan,1,1,2017,Urea,20.89,1/1/2017,1/1/2017
Niger,Minna,Feb,2,1,2017,Urea,28.69,2/1/2017,2/1/2017
Niger,Minna,Mar,3,1,2017,Urea,28.64,3/1/2017,3/1/2017
Niger,Minna,Apr,4,1,2017,Urea,25.72,4/1/2017,4/1/2017
Niger,Minna,May,5,1,2017,Urea,26.96,5/1/2017,5/1/2017
Niger,Minna,Jun,6,1,2017,Urea,22.79,6/1/2017,6/1/2017
Niger,Minna,Jul,7,1,2017,Urea,26.99,7/1/2017,7/1/2017
Niger,Minna,Sep,9,1,2017,Urea,18.34,9/1/2017,9/1/2017
Niger,Minna,Oct,10,1,2017,Urea,20.17,10/1/2017,10/1/2017
Niger,Minna,Nov,11,1,2017,Urea,20.92,11/1/2017,11/1/2017
Niger,Minna,Dec,12,1,2017,Urea,26.38,12/1/2017,12/1/2017
Niger,Minna,Jan,1,1,2018,Urea,17.49,1/1/2018,1/1/2018
Niger,Minna,Feb,2,1,2018,Urea,23.58,2/1/2018,2/1/2018
Niger,Minna,Mar,3,1,2018,Urea,21.38,3/1/2018,3/1/2018
Niger,Minna,Apr,4,1,2018,Urea,21.46,4/1/2018,4/1/2018
Niger,Minna,May,5,1,2018,Urea,20.8,5/1/2018,5/1/2018
Niger,Minna,Jun,6,1,2018,Urea,19.41,6/1/2018,6/1/2018
Niger,Minna,Jul,7,1,2018,Urea,19.38,7/1/2018,7/1/2018
Niger,Minna,Aug,8,1,2018,Urea,19.38,8/1/2018,8/1/2018
Niger,Minna,Sep,9,1,2018,Urea,20.73,9/1/2018,9/1/2018
Niger,Minna,Oct,10,1,2018,Urea,20.64,10/1/2018,10/1/2018
Niger,Minna,Nov,11,1,2018,Urea,20.76,11/1/2018,11/1/2018
Niger,Minna,Dec,12,1,2018,Urea,19.37,12/1/2018,12/1/2018
Niger,Minna,Jan,1,1,2019,Urea,19.39,1/1/2019,1/1/2019
Niger,Minna,Feb,2,1,2019,Urea,19.51,2/1/2019,2/1/2019
Niger,Minna,Mar,3,1,2019,Urea,19.6,3/1/2019,3/1/2019
Niger,Minna,Apr,4,1,2019,Urea,19.6,4/1/2019,4/1/2019
Niger,Minna,May,5,1,2019,Urea,19.66,5/1/2019,5/1/2019
Niger,Minna,Jun,6,1,2019,Urea,18.28,6/1/2019,6/1/2019
Niger,Minna,Jul,7,1,2019,Urea,18.56,7/1/2019,7/1/2019
Niger,Minna,Aug,8,1,2019,Urea,19.57,8/1/2019,8/1/2019
Niger,Minna,Sep,9,1,2019,Urea,17.59,9/1/2019,9/1/2019
Niger,Minna,Oct,10,1,2019,Urea,17.56,10/1/2019,10/1/2019
Niger,Minna,Nov,11,1,2019,Urea,17.52,11/1/2019,11/1/2019
Niger,Minna,Dec,12,1,2019,Urea,17.53,12/1/2019,12/1/2019
Niger,Minna,Jan,1,1,2020,Urea,19.47,1/1/2020,1/1/2020
Niger,Minna,Feb,2,1,2020,Urea,16.06,2/1/2020,2/1/2020
Niger,Minna,Mar,3,1,2020,Urea,17.01,3/1/2020,3/1/2020
Niger,Minna,Apr,4,1,2020,Urea,18.58,4/1/2020,4/1/2020
Niger,Minna,May,5,1,2020,Urea,18.08,5/1/2020,5/1/2020
Niger,Minna,Jun,6,1,2020,Urea,19.52,6/1/2020,6/1/2020
Niger,Minna,Jul,7,1,2020,Urea,23.93,7/1/2020,7/1/2020
Niger,Minna,Aug,8,1,2020,Urea,27.8,8/1/2020,8/1/2020
Niger,Minna,Sep,9,1,2020,Urea,20.69,9/1/2020,9/1/2020
Niger,Minna,Oct,10,1,2020,Urea,20.64,10/1/2020,10/1/2020
Niger,Minna,Nov,11,1,2020,Urea,20.11,11/1/2020,11/1/2020
Niger,Minna,Dec,12,1,2020,Urea,21.78,12/1/2020,12/1/2020
Niger,Minna,Jan,1,1,2021,Urea,23.58,1/1/2021,1/1/2021
Niger,Minna,Feb,2,1,2021,Urea,25.27,2/1/2021,2/1/2021
Niger,Minna,Mar,3,1,2021,Urea,27.01,3/1/2021,3/1/2021
Niger,Minna,Apr,4,1,2021,Urea,28.64,4/1/2021,4/1/2021
Niger,Minna,May,5,1,2021,Urea,28.13,5/1/2021,5/1/2021
Niger,Minna,Jun,6,1,2021,Urea,28.81,6/1/2021,6/1/2021
Niger,Minna,Jul,7,1,2021,Urea,27.98,7/1/2021,7/1/2021
Niger,Minna,Aug,8,1,2021,Urea,27.46,8/1/2021,8/1/2021
Niger,Minna,Sep,9,1,2021,Urea,26.25,9/1/2021,9/1/2021
Niger,Minna,Oct,10,1,2021,Urea,26.29,10/1/2021,10/1/2021
Niger,Minna,Nov,11,1,2021,Urea,27.51,11/1/2021,11/1/2021
Niger,Minna,Dec,12,1,2021,Urea,32.89,12/1/2021,12/1/2021
Niger,Minna,Jan,1,1,2022,Urea,38.63,1/1/2022,1/1/2022
Niger,Minna,Feb,2,1,2022,Urea,38.47,2/1/2022,2/1/2022
Niger,Minna,Mar,3,1,2022,Urea,39.66,3/1/2022,3/1/2022
Niger,Minna,Apr,4,1,2022,Urea,41.03,4/1/2022,4/1/2022
Niger,Minna,May,5,1,2022,Urea,46.99,5/1/2022,5/1/2022
Niger,Minna,Jun,6,1,2022,Urea,46.9,6/1/2022,6/1/2022
Niger,Minna,Jul,7,1,2022,Urea,46.81,7/1/2022,7/1/2022
Niger,Minna,Aug,8,1,2022,Urea,51.25,8/1/2022,8/1/2022
Niger,Minna,Sep,9,1,2022,Urea,49.76,9/1/2022,9/1/2022
Niger,Minna,Oct,10,1,2022,Urea,48.96,10/1/2022,10/1/2022
Niger,Minna,Nov,11,1,2022,Urea,48.27,11/1/2022,11/1/2022
Niger,Minna,Dec,12,1,2022,Urea,49.35,12/1/2022,12/1/2022
Niger,Suleja,Sep,9,1,2010,Urea,26.36,9/1/2010,9/1/2010
Niger,Suleja,Oct,10,1,2010,Urea,26.2,10/1/2010,10/1/2010
Ondo,Akure,Sep,9,1,2015,Urea,28.39,9/1/2015,9/1/2015
Ondo,Akure,Oct,10,1,2015,Urea,28.39,10/1/2015,10/1/2015
Ondo,Akure,Nov,11,1,2015,Urea,25.12,11/1/2015,11/1/2015
Ondo,Akure,Feb,2,1,2016,Urea,27.62,2/1/2016,2/1/2016
Ondo,Akure,Mar,3,1,2016,Urea,28.89,3/1/2016,3/1/2016
Ondo,Akure,Apr,4,1,2016,Urea,29.9,4/1/2016,4/1/2016
Ondo,Akure,May,5,1,2016,Urea,29.89,5/1/2016,5/1/2016
Ondo,Akure,Jun,6,1,2016,Urea,28.39,6/1/2016,6/1/2016
Ondo,Akure,Jul,7,1,2016,Urea,26.63,7/1/2016,7/1/2016
Ondo,Akure,Sep,9,1,2016,Urea,24,9/1/2016,9/1/2016
Ondo,Akure,Oct,10,1,2016,Urea,23.57,10/1/2016,10/1/2016
Ondo,Akure,Nov,11,1,2016,Urea,23.76,11/1/2016,11/1/2016
Ondo,Akure,Dec,12,1,2016,Urea,23.82,12/1/2016,12/1/2016
Ondo,Akure,Jan,1,1,2017,Urea,22.66,1/1/2017,1/1/2017
Ondo,Akure,Feb,2,1,2017,Urea,25.66,2/1/2017,2/1/2017
Ondo,Akure,Mar,3,1,2017,Urea,25.46,3/1/2017,3/1/2017
Ondo,Akure,Apr,4,1,2017,Urea,26.53,4/1/2017,4/1/2017
Ondo,Akure,May,5,1,2017,Urea,23.16,5/1/2017,5/1/2017
Ondo,Akure,Jun,6,1,2017,Urea,23.74,6/1/2017,6/1/2017
Ondo,Akure,Jul,7,1,2017,Urea,23.81,7/1/2017,7/1/2017
Ondo,Akure,Sep,9,1,2017,Urea,20.84,9/1/2017,9/1/2017
Ondo,Akure,Oct,10,1,2017,Urea,22.26,10/1/2017,10/1/2017
Ondo,Akure,Nov,11,1,2017,Urea,22.32,11/1/2017,11/1/2017
Ondo,Akure,Dec,12,1,2017,Urea,20.83,12/1/2017,12/1/2017
Ondo,Akure,Jan,1,1,2018,Urea,20.82,1/1/2018,1/1/2018
Ondo,Akure,Feb,2,1,2018,Urea,20.81,2/1/2018,2/1/2018
Ondo,Akure,Mar,3,1,2018,Urea,18.05,3/1/2018,3/1/2018
Ondo,Akure,Apr,4,1,2018,Urea,18.11,4/1/2018,4/1/2018
Ondo,Akure,May,5,1,2018,Urea,20.8,5/1/2018,5/1/2018
Ondo,Akure,Jun,6,1,2018,Urea,20.52,6/1/2018,6/1/2018
Ondo,Akure,Jul,7,1,2018,Urea,20.77,7/1/2018,7/1/2018
Ondo,Akure,Aug,8,1,2018,Urea,20.76,8/1/2018,8/1/2018
Ondo,Akure,Sep,9,1,2018,Urea,20.73,9/1/2018,9/1/2018
Ondo,Akure,Oct,10,1,2018,Urea,19.26,10/1/2018,10/1/2018
Ondo,Akure,Nov,11,1,2018,Urea,19.38,11/1/2018,11/1/2018
Ondo,Akure,Dec,12,1,2018,Urea,19.37,12/1/2018,12/1/2018
Ondo,Akure,Jan,1,1,2019,Urea,19.39,1/1/2019,1/1/2019
Ondo,Akure,Feb,2,1,2019,Urea,19.51,2/1/2019,2/1/2019
Ondo,Akure,Mar,3,1,2019,Urea,19.6,3/1/2019,3/1/2019
Ondo,Akure,Apr,4,1,2019,Urea,17.36,4/1/2019,4/1/2019
Ondo,Akure,May,5,1,2019,Urea,17.41,5/1/2019,5/1/2019
Ondo,Akure,Jun,6,1,2019,Urea,17.44,6/1/2019,6/1/2019
Ondo,Akure,Jul,7,1,2019,Urea,18,7/1/2019,7/1/2019
Ondo,Akure,Aug,8,1,2019,Urea,19.01,8/1/2019,8/1/2019
Ondo,Akure,Sep,9,1,2019,Urea,17.87,9/1/2019,9/1/2019
Ondo,Akure,Oct,10,1,2019,Urea,17.83,10/1/2019,10/1/2019
Ondo,Akure,Nov,11,1,2019,Urea,17.79,11/1/2019,11/1/2019
Ondo,Akure,Dec,12,1,2019,Urea,17.81,12/1/2019,12/1/2019
Ondo,Akure,Jan,1,1,2020,Urea,19.47,1/1/2020,1/1/2020
Ondo,Akure,Feb,2,1,2020,Urea,16.33,2/1/2020,2/1/2020
Ondo,Akure,Mar,3,1,2020,Urea,17.29,3/1/2020,3/1/2020
Ondo,Akure,Apr,4,1,2020,Urea,16.72,4/1/2020,4/1/2020
Ondo,Akure,May,5,1,2020,Urea,16.79,5/1/2020,5/1/2020
Ondo,Akure,Jun,6,1,2020,Urea,19,6/1/2020,6/1/2020
Ondo,Akure,Jul,7,1,2020,Urea,23.41,7/1/2020,7/1/2020
Ondo,Akure,Aug,8,1,2020,Urea,27.8,8/1/2020,8/1/2020
Ondo,Akure,Sep,9,1,2020,Urea,20.69,9/1/2020,9/1/2020
Ondo,Akure,Oct,10,1,2020,Urea,20.64,10/1/2020,10/1/2020
Ondo,Akure,Nov,11,1,2020,Urea,19.84,11/1/2020,11/1/2020
Ondo,Akure,Dec,12,1,2020,Urea,24.7,12/1/2020,12/1/2020
Ondo,Akure,Jan,1,1,2021,Urea,21.99,1/1/2021,1/1/2021
Ondo,Akure,Feb,2,1,2021,Urea,25.53,2/1/2021,2/1/2021
Ondo,Akure,Mar,3,1,2021,Urea,28.07,3/1/2021,3/1/2021
Ondo,Akure,Apr,4,1,2021,Urea,26.39,4/1/2021,4/1/2021
Ondo,Akure,May,5,1,2021,Urea,26.85,5/1/2021,5/1/2021
Ondo,Akure,Jun,6,1,2021,Urea,28.57,6/1/2021,6/1/2021
Ondo,Akure,Jul,7,1,2021,Urea,27.73,7/1/2021,7/1/2021
Ondo,Akure,Aug,8,1,2021,Urea,27.95,8/1/2021,8/1/2021
Ondo,Akure,Sep,9,1,2021,Urea,26.25,9/1/2021,9/1/2021
Ondo,Akure,Oct,10,1,2021,Urea,26.29,10/1/2021,10/1/2021
Ondo,Akure,Nov,11,1,2021,Urea,27.51,11/1/2021,11/1/2021
Ondo,Akure,Dec,12,1,2021,Urea,30.45,12/1/2021,12/1/2021
Ondo,Akure,Jan,1,1,2022,Urea,37.42,1/1/2022,1/1/2022
Ondo,Akure,Feb,2,1,2022,Urea,37.27,2/1/2022,2/1/2022
Ondo,Akure,Mar,3,1,2022,Urea,38.46,3/1/2022,3/1/2022
Ondo,Akure,Apr,4,1,2022,Urea,39.83,4/1/2022,4/1/2022
Ondo,Akure,May,5,1,2022,Urea,46.99,5/1/2022,5/1/2022
Ondo,Akure,Jun,6,1,2022,Urea,46.9,6/1/2022,6/1/2022
Ondo,Akure,Jul,7,1,2022,Urea,48.01,7/1/2022,7/1/2022
Ondo,Akure,Aug,8,1,2022,Urea,48.87,8/1/2022,8/1/2022
Ondo,Akure,Sep,9,1,2022,Urea,46.73,9/1/2022,9/1/2022
Ondo,Akure,Oct,10,1,2022,Urea,45.97,10/1/2022,10/1/2022
Ondo,Akure,Nov,11,1,2022,Urea,45.32,11/1/2022,11/1/2022
Ondo,Akure,Dec,12,1,2022,Urea,47.11,12/1/2022,12/1/2022
Osun,Iwo,Sep,9,1,2010,Urea,27.64,9/1/2010,9/1/2010
Osun,Iwo,Oct,10,1,2010,Urea,32.77,10/1/2010,10/1/2010
Osun,Iwo,Nov,11,1,2010,Urea,29.18,11/1/2010,11/1/2010
Osun,Iwo,Dec,12,1,2010,Urea,26.24,12/1/2010,12/1/2010
Osun,Iwo,Jun,6,1,2011,Urea,28.14,6/1/2011,6/1/2011
Osun,Iwo,Jul,7,1,2011,Urea,27.05,7/1/2011,7/1/2011
Osun,Iwo,Aug,8,1,2011,Urea,25.23,8/1/2011,8/1/2011
Osun,Iwo,Oct,10,1,2011,Urea,25.36,10/1/2011,10/1/2011
Osun,Iwo,Nov,11,1,2011,Urea,33.09,11/1/2011,11/1/2011
Osun,Iwo,Dec,12,1,2011,Urea,29.01,12/1/2011,12/1/2011
Oyo,Ibadan,Sep,9,1,2010,Urea,25.34,9/1/2010,9/1/2010
Oyo,Ibadan,Oct,10,1,2010,Urea,25.56,10/1/2010,10/1/2010
Oyo,Ibadan,Nov,11,1,2010,Urea,25.89,11/1/2010,11/1/2010
Oyo,Ibadan,Dec,12,1,2010,Urea,24.94,12/1/2010,12/1/2010
Oyo,Ibadan,Jan,1,1,2011,Urea,24.93,1/1/2011,1/1/2011
Oyo,Ibadan,Feb,2,1,2011,Urea,24.88,2/1/2011,2/1/2011
Oyo,Ibadan,Mar,3,1,2011,Urea,23.17,3/1/2011,3/1/2011
Oyo,Ibadan,May,5,1,2011,Urea,23.82,5/1/2011,5/1/2011
Oyo,Ibadan,Jun,6,1,2011,Urea,25.01,6/1/2011,6/1/2011
Oyo,Ibadan,Jul,7,1,2011,Urea,26.72,7/1/2011,7/1/2011
Oyo,Ibadan,Aug,8,1,2011,Urea,23.94,8/1/2011,8/1/2011
Oyo,Ibadan,Oct,10,1,2011,Urea,29.77,10/1/2011,10/1/2011
Oyo,Ibadan,Nov,11,1,2011,Urea,31.86,11/1/2011,11/1/2011
Oyo,Ibadan,Mar,3,1,2012,Urea,31.37,3/1/2012,3/1/2012
Oyo,Ibadan,May,5,1,2012,Urea,30.89,5/1/2012,5/1/2012
Oyo,Ibadan,Jun,6,1,2012,Urea,30.25,6/1/2012,6/1/2012
Oyo,Ibadan,Jul,7,1,2012,Urea,32.7,7/1/2012,7/1/2012
Oyo,Ibadan,Aug,8,1,2012,Urea,32.77,8/1/2012,8/1/2012
Oyo,Ibadan,Sep,9,1,2012,Urea,34.61,9/1/2012,9/1/2012
Oyo,Ibadan,Oct,10,1,2012,Urea,34.59,10/1/2012,10/1/2012
Oyo,Ibadan,Nov,11,1,2012,Urea,33.07,11/1/2012,11/1/2012
Oyo,Ibadan,Dec,12,1,2012,Urea,34.28,12/1/2012,12/1/2012
Oyo,Ibadan,Feb,2,1,2013,Urea,32.44,2/1/2013,2/1/2013
Oyo,Ibadan,Mar,3,1,2013,Urea,34.29,3/1/2013,3/1/2013
Oyo,Ibadan,May,5,1,2013,Urea,32.14,5/1/2013,5/1/2013
Oyo,Ibadan,Jun,6,1,2013,Urea,33.08,6/1/2013,6/1/2013
Oyo,Ibadan,Jul,7,1,2013,Urea,30.72,7/1/2013,7/1/2013
Oyo,Ibadan,Aug,8,1,2013,Urea,31.02,8/1/2013,8/1/2013
Oyo,Ibadan,Sep,9,1,2013,Urea,27.88,9/1/2013,9/1/2013
Oyo,Ibadan,Oct,10,1,2013,Urea,28.22,10/1/2013,10/1/2013
Oyo,Ibadan,Nov,11,1,2013,Urea,28.11,11/1/2013,11/1/2013
Oyo,Ibadan,Dec,12,1,2013,Urea,31.19,12/1/2013,12/1/2013
Oyo,Ibadan,Jan,1,1,2014,Urea,29.88,1/1/2014,1/1/2014
Oyo,Ibadan,Feb,2,1,2014,Urea,29.7,2/1/2014,2/1/2014
Oyo,Ibadan,Mar,3,1,2014,Urea,29.04,3/1/2014,3/1/2014
Oyo,Ibadan,Apr,4,1,2014,Urea,29.96,4/1/2014,4/1/2014
Oyo,Ibadan,May,5,1,2014,Urea,30.32,5/1/2014,5/1/2014
Oyo,Ibadan,Jun,6,1,2014,Urea,30.04,6/1/2014,6/1/2014
Oyo,Ibadan,Jul,7,1,2014,Urea,29.34,7/1/2014,7/1/2014
Oyo,Ibadan,Aug,8,1,2014,Urea,28.66,8/1/2014,8/1/2014
Oyo,Ibadan,Sep,9,1,2014,Urea,29.55,9/1/2014,9/1/2014
Oyo,Ibadan,Oct,10,1,2014,Urea,29.59,10/1/2014,10/1/2014
Oyo,Ibadan,Nov,11,1,2014,Urea,29.48,11/1/2014,11/1/2014
Oyo,Ibadan,Dec,12,1,2014,Urea,29.58,12/1/2014,12/1/2014
Oyo,Ibadan,Jan,1,1,2015,Urea,29.67,1/1/2015,1/1/2015
Oyo,Iluju,May,5,1,2011,Urea,24.75,5/1/2011,5/1/2011
Oyo,Ogbomoso,Jun,6,1,2011,Urea,23.77,6/1/2011,6/1/2011
Oyo,Ogbomoso,Aug,8,1,2011,Urea,26.5,8/1/2011,8/1/2011
Oyo,Ogbomoso,Oct,10,1,2011,Urea,33.23,10/1/2011,10/1/2011
Oyo,Ogbomoso,Nov,11,1,2011,Urea,30.62,11/1/2011,11/1/2011
Oyo,Ogbomoso,Jun,6,1,2013,Urea,33.01,6/1/2013,6/1/2013
Oyo,Ogbomoso,Jul,7,1,2013,Urea,32.55,7/1/2013,7/1/2013
Oyo,Ogbomoso,Oct,10,1,2013,Urea,30.7,10/1/2013,10/1/2013
Taraba,Jalingo,Sep,9,1,2010,Urea,23.05,9/1/2010,9/1/2010
Taraba,Jalingo,Oct,10,1,2010,Urea,26.2,10/1/2010,10/1/2010
Taraba,Jalingo,Nov,11,1,2010,Urea,26.56,11/1/2010,11/1/2010
Taraba,Jalingo,Dec,12,1,2010,Urea,26.24,12/1/2010,12/1/2010
Taraba,Jalingo,Jan,1,1,2011,Urea,27.55,1/1/2011,1/1/2011
Taraba,Jalingo,Mar,3,1,2011,Urea,25.4,3/1/2011,3/1/2011
Taraba,Jalingo,Jun,6,1,2011,Urea,25.01,6/1/2011,6/1/2011
Taraba,Jalingo,Jul,7,1,2011,Urea,27.69,7/1/2011,7/1/2011
Taraba,Jalingo,Aug,8,1,2011,Urea,25.23,8/1/2011,8/1/2011
Taraba,Jalingo,Oct,10,1,2011,Urea,27.19,10/1/2011,10/1/2011
Taraba,Jalingo,Nov,11,1,2011,Urea,27.56,11/1/2011,11/1/2011
Taraba,Jalingo,Feb,2,1,2012,Urea,30.78,2/1/2012,2/1/2012
Taraba,Jalingo,Jun,6,1,2012,Urea,31.44,6/1/2012,6/1/2012
Taraba,Jalingo,Jul,7,1,2012,Urea,30.27,7/1/2012,7/1/2012
Taraba,Jalingo,Aug,8,1,2012,Urea,36.4,8/1/2012,8/1/2012
Taraba,Jalingo,Sep,9,1,2012,Urea,37.41,9/1/2012,9/1/2012
Taraba,Jalingo,Oct,10,1,2012,Urea,37.38,10/1/2012,10/1/2012
Taraba,Jalingo,Nov,11,1,2012,Urea,31.19,11/1/2012,11/1/2012
Taraba,Jalingo,Sep,9,1,2015,Urea,27.13,9/1/2015,9/1/2015
Taraba,Jalingo,Oct,10,1,2015,Urea,27.14,10/1/2015,10/1/2015
Taraba,Jalingo,Nov,11,1,2015,Urea,22.44,11/1/2015,11/1/2015
Taraba,Jalingo,Dec,12,1,2015,Urea,29.15,12/1/2015,12/1/2015
Taraba,Jalingo,Jan,1,1,2016,Urea,29.13,1/1/2016,1/1/2016
Taraba,Wukari,Oct,10,1,2011,Urea,28.38,10/1/2011,10/1/2011
Taraba,Wukari,Dec,12,1,2011,Urea,30.2,12/1/2011,12/1/2011
Taraba,Wukari,Jun,6,1,2012,Urea,36.3,6/1/2012,6/1/2012
Taraba,Wukari,Jul,7,1,2012,Urea,36.32,7/1/2012,7/1/2012
